ticker,date,daily_daily_daily_1d_rs_vs_QQQ,daily_daily_daily_1d_stock_return,daily_daily_daily_1d_benchmark_return_QQQ,daily_daily_daily_3d_rs_vs_QQQ,daily_daily_daily_3d_stock_return,daily_daily_daily_3d_benchmark_return_QQQ,daily_daily_daily_5d_rs_vs_QQQ,daily_daily_daily_5d_stock_return,daily_daily_daily_5d_benchmark_return_QQQ,daily_daily_monthly_22d_rs_vs_QQQ,daily_daily_monthly_22d_stock_return,daily_daily_monthly_22d_benchmark_return_QQQ,daily_daily_monthly_44d_rs_vs_QQQ,daily_daily_monthly_44d_stock_return,daily_daily_monthly_44d_benchmark_return_QQQ,daily_daily_quarterly_132d_rs_vs_QQQ,daily_daily_quarterly_132d_stock_return,daily_daily_quarterly_132d_benchmark_return_QQQ,daily_daily_quarterly_66d_rs_vs_QQQ,daily_daily_quarterly_66d_stock_return,daily_daily_quarterly_66d_benchmark_return_QQQ,daily_daily_weekly_14d_rs_vs_QQQ,daily_daily_weekly_14d_stock_return,daily_daily_weekly_14d_benchmark_return_QQQ,daily_daily_weekly_7d_rs_vs_QQQ,daily_daily_weekly_7d_stock_return,daily_daily_weekly_7d_benchmark_return_QQQ,daily_daily_yearly_252d_rs_vs_QQQ,daily_daily_yearly_252d_stock_return,daily_daily_yearly_252d_benchmark_return_QQQ,timeframe,market_cap,market_cap_currency,sector,industry,exchange,analyst rating,upcoming earnings date,recent earnings date,index,NASDAQComposite,SP500,SP500ConsumerDiscretionary,Russell3000,Russell1000,NASDAQIndustrials,NASDAQBank,NasdaqUSLargeCapGrowth,Russell2000,SPMidCap400,MiniRussell2000,SP500ESG,NASDAQ100,SP100,NASDAQUSBenchmarkFoodProducers,NasdaqUSSmallCapGrowth,NASDAQComputer,DowJonesIndustrialAverage,KBWNASDAQBank,SP500Financials,DowJonesCompositeAverage,SP500HealthCare,NASDAQBiotechnology,SP500Industrials,PHLXSemiconductorSector,SP500InformationTechnology,SP500CommunicationServices,NASDAQTelecommunications,NASDAQRealEstateandOtherFinancialServices,NASDAQ100TechnologySector,NASDAQCBInsightsMetaverseUSIndex,NasdaqUSMidCapGrowth,PHLXHousingSector,SP500Energy,NYSEArcaMajorMarket,SP500Materials,SP500ConsumerStaples,NASDAQInsurance,NASDAQTransportation,DowJonesTransportationAverage,ISECTACloudComputing,KBWNASDAQFinancialTechnologyIndex,NASDAQCleanEdgeGreenEnergy,SP500RealEstate,NASDAQGoldenDragonChina,SP500Utilities,PHLXUtilitiesSector,DowJonesUtilityAverage,PHLXGoldSilverSector,PHLXOilServiceSector,MainIndex,exchange_NASDAQ,exchange_NYSE,exchange_AMEX,rating_Neutral,rating_Buy,rating_Sell,rating_Strong_buy,rating_Strong_sell,filter_applied,universe_name,generation_source,generation_date
AAPL,2025-11-19,0.9982,0.0042,0.0060,1.0006,-0.0141,-0.0148,1.0168,-0.0180,-0.0342,1.0450,0.0251,-0.0191,1.1202,0.1301,0.0088,1.0839,0.2639,0.1661,1.1188,0.1643,0.0406,1.0337,-0.0095,-0.0418,1.0356,-0.0032,-0.0375,0.9872,0.1990,0.2145,daily,3403049714052.0000,USD,Electronic technology,Telecommunications equipment,NASDAQ,Buy,2025-10-23,2025-07-31,"S&P 500, NASDAQ 100, Dow Jones Industrial Average, NASDAQ Composite, S&P 500 Information Technology, S&P 100, Nasdaq US Large Cap Growth, Russell 3000, Dow Jones Composite Average, NASDAQ-100 Technology Sector, Russell 1000, NASDAQ Computer, S&P 500 ESG, NASDAQ CB Insights Metaverse US Index",True,True,False,True,True,False,False,True,False,False,False,True,True,True,False,False,True,True,False,False,True,False,False,False,False,True,False,False,False,True,True,False,False,False,False,False,False,False,False,False,False,False,False,False,False,False,False,False,False,False,False,True,False,False,False,True,False,False,False,all_tickers,ticker_universe_all,simple_universe_generator,2026-02-11T13:08:08.978285
ABNB,2025-11-19,0.9856,-0.0085,0.0060,0.9519,-0.0621,-0.0148,0.9737,-0.0596,-0.0342,0.9171,-0.1004,-0.0191,0.9041,-0.0879,0.0088,0.7109,-0.1710,0.1661,0.8763,-0.0881,0.0406,0.9453,-0.0942,-0.0418,0.9892,-0.0479,-0.0375,0.7111,-0.1363,0.2145,daily,78853971955.0000,USD,Consumer services,Hotels/Resorts/Cruise lines,NASDAQ,Neutral,2025-10-29,2025-08-06,"S&P 500, NASDAQ 100, NASDAQ Composite, S&P 500 Consumer Discretionary, Nasdaq US Large Cap Growth, Russell 3000, Russell 1000, NASDAQ Industrials",True,True,True,True,True,True,False,True,False,False,False,False,True,False,False,False,False,False,False,False,False,False,False,False,False,False,False,False,False,False,False,False,False,False,False,False,False,False,False,False,False,False,False,False,False,False,False,False,False,False,False,True,False,False,True,False,False,False,False,all_tickers,ticker_universe_all,simple_universe_generator,2026-02-11T13:08:08.978285
ADBE,2025-11-19,0.9746,-0.0196,0.0060,0.9751,-0.0393,-0.0148,0.9772,-0.0562,-0.0342,0.9444,-0.0736,-0.0191,0.8581,-0.1343,0.0088,0.6864,-0.1995,0.1661,0.8557,-0.1095,0.0406,0.9786,-0.0623,-0.0418,1.0050,-0.0327,-0.0375,0.5203,-0.3680,0.2145,daily,150552827886.0000,USD,Technology services,Packaged software,NASDAQ,Buy,2025-09-10,2025-06-12,"S&P 500, NASDAQ 100, NASDAQ Composite, S&P 500 Information Technology, S&P 100, ISE CTA Cloud Computing, Nasdaq US Large Cap Growth, Russell 3000, NASDAQ-100 Technology Sector, Russell 1000, NASDAQ Computer, S&P 500 ESG, NASDAQ CB Insights Metaverse US Index",True,True,False,True,True,False,False,True,False,False,False,True,True,True,False,False,True,False,False,False,False,False,False,False,False,True,False,False,False,True,True,False,False,False,False,False,False,False,False,False,True,False,False,False,False,False,False,False,False,False,False,True,False,False,False,True,False,False,False,all_tickers,ticker_universe_all,simple_universe_generator,2026-02-11T13:08:08.978285
ADI,2025-11-19,1.0030,0.0090,0.0060,1.0034,-0.0115,-0.0148,0.9957,-0.0383,-0.0342,0.9614,-0.0569,-0.0191,0.9242,-0.0677,0.0088,0.8859,0.0331,0.1661,0.9675,0.0068,0.0406,1.0405,-0.0030,-0.0418,1.0398,0.0009,-0.0375,0.9424,0.1446,0.2145,daily,125758572638.0000,USD,Electronic technology,Semiconductors,NASDAQ,Buy,2025-12-02,2025-08-20,"S&P 500, NASDAQ 100, NASDAQ Composite, PHLX Semiconductor Sector, S&P 500 Information Technology, Nasdaq US Large Cap Growth, Russell 3000, NASDAQ-100 Technology Sector, Russell 1000, NASDAQ Computer",True,True,False,True,True,False,False,True,False,False,False,False,True,False,False,False,True,False,False,False,False,False,False,False,True,True,False,False,False,True,False,False,False,False,False,False,False,False,False,False,False,False,False,False,False,False,False,False,False,False,False,True,False,False,False,True,False,False,False,all_tickers,ticker_universe_all,simple_universe_generator,2026-02-11T13:08:08.978285
ADP,2025-11-19,0.9969,0.0029,0.0060,1.0042,-0.0106,-0.0148,1.0185,-0.0163,-0.0342,0.9020,-0.1153,-0.0191,0.8531,-0.1393,0.0088,0.7039,-0.1792,0.1661,0.7992,-0.1683,0.0406,0.9993,-0.0425,-0.0418,1.0240,-0.0144,-0.0375,0.7072,-0.1411,0.2145,daily,122910349375.0000,USD,Technology services,Packaged software,NASDAQ,Neutral,2025-10-22,2025-07-30,"S&P 500, NASDAQ 100, NASDAQ Composite, S&P 500 Industrials, Nasdaq US Large Cap Growth, Russell 3000, Russell 1000, NASDAQ Industrials",True,True,False,True,True,True,False,True,False,False,False,False,True,False,False,False,False,False,False,False,False,False,False,True,False,False,False,False,False,False,False,False,False,False,False,False,False,False,False,False,False,False,False,False,False,False,False,False,False,False,False,True,False,False,True,False,False,False,False,all_tickers,ticker_universe_all,simple_universe_generator,2026-02-11T13:08:08.978285
ADSK,2025-11-19,0.9905,-0.0036,0.0060,0.9872,-0.0274,-0.0148,0.9992,-0.0350,-0.0342,0.9640,-0.0544,-0.0191,0.8935,-0.0986,0.0088,0.8407,-0.0196,0.1661,0.9661,0.0053,0.0406,1.0104,-0.0319,-0.0418,1.0128,-0.0252,-0.0375,0.8014,-0.0266,0.2145,daily,60428636325.0000,USD,Technology services,Packaged software,NASDAQ,Buy,2025-08-28,2025-05-22,"S&P 500, NASDAQ 100, NASDAQ Composite, S&P 500 Information Technology, Nasdaq US Large Cap Growth, Russell 3000, NASDAQ-100 Technology Sector, Russell 1000, NASDAQ Computer, S&P 500 ESG, NASDAQ CB Insights Metaverse US Index",True,True,False,True,True,False,False,True,False,False,False,True,True,False,False,False,True,False,False,False,False,False,False,False,False,True,False,False,False,True,True,False,False,False,False,False,False,False,False,False,False,False,False,False,False,False,False,False,False,False,False,True,False,False,False,True,False,False,False,all_tickers,ticker_universe_all,simple_universe_generator,2026-02-11T13:08:08.978285
AEP,2025-11-19,0.9796,-0.0146,0.0060,1.0184,0.0034,-0.0148,1.0272,-0.0079,-0.0342,1.0614,0.0412,-0.0191,1.1424,0.1525,0.0088,1.0653,0.2423,0.1661,1.0648,0.1081,0.0406,1.0503,0.0064,-0.0418,1.0317,-0.0069,-0.0375,1.0768,0.3078,0.2145,daily,60233929959.0000,USD,Utilities,Electric utilities,NASDAQ,Neutral,2025-10-23,2025-07-30,"S&P 500, NASDAQ 100, NASDAQ Composite, S&P 500 Utilities, Russell 3000, Dow Jones Utility Average, Dow Jones Composite Average, Russell 1000, NASDAQ Industrials, PHLX Utilities Sector",True,True,False,True,True,True,False,False,False,False,False,False,True,False,False,False,False,False,False,False,True,False,False,False,False,False,False,False,False,False,False,False,False,False,False,False,False,False,False,False,False,False,False,False,False,True,True,True,False,False,False,True,False,False,True,False,False,False,False,all_tickers,ticker_universe_all,simple_universe_generator,2026-02-11T13:08:08.978285
AMAT,2025-11-19,1.0383,0.0445,0.0060,1.0559,0.0404,-0.0148,1.0551,0.0191,-0.0342,1.0507,0.0307,-0.0191,1.2283,0.2391,0.0088,1.1720,0.3667,0.1661,1.3856,0.4420,0.0406,1.0552,0.0111,-0.0418,1.0392,0.0002,-0.0375,1.1583,0.4068,0.2145,daily,131055646069.0000,USD,Producer manufacturing,Industrial machinery,NASDAQ,Buy,2025-11-13,2025-08-14,"S&P 500, NASDAQ 100, NASDAQ Composite, PHLX Semiconductor Sector, S&P 500 Information Technology, Russell 3000, NASDAQ-100 Technology Sector, Russell 1000, NASDAQ Computer, S&P 500 ESG, NASDAQ CB Insights Metaverse US Index",True,True,False,True,True,False,False,False,False,False,False,True,True,False,False,False,True,False,False,False,False,False,False,False,True,True,False,False,False,True,True,False,False,False,False,False,False,False,False,False,False,False,False,False,False,False,False,False,False,False,False,True,False,False,False,True,False,False,False,all_tickers,ticker_universe_all,simple_universe_generator,2026-02-11T13:08:08.978285
AMD,2025-11-19,0.9650,-0.0293,0.0060,0.9193,-0.0942,-0.0148,0.8940,-0.1365,-0.0342,0.9474,-0.0707,-0.0191,1.4032,0.4156,0.0088,1.7046,0.9878,0.1661,1.2196,0.2692,0.0406,0.9155,-0.1228,-0.0418,0.9519,-0.0837,-0.0375,1.3644,0.6572,0.2145,daily,270398217701.0000,USD,Electronic technology,Semiconductors,NASDAQ,Buy,2025-11-04,2025-08-05,"S&P 500, NASDAQ 100, NASDAQ Composite, PHLX Semiconductor Sector, S&P 500 Information Technology, S&P 100, Russell 3000, NASDAQ-100 Technology Sector, Russell 1000, NASDAQ Computer, S&P 500 ESG, NASDAQ CB Insights Metaverse US Index",True,True,False,True,True,False,False,False,False,False,False,True,True,True,False,False,True,False,False,False,False,False,False,False,True,True,False,False,False,True,True,False,False,False,False,False,False,False,False,False,False,False,False,False,False,False,False,False,False,False,False,True,False,False,False,True,False,False,False,all_tickers,ticker_universe_all,simple_universe_generator,2026-02-11T13:08:08.978285
AMGN,2025-11-19,0.9895,-0.0046,0.0060,1.0320,0.0168,-0.0148,1.0542,0.0182,-0.0342,1.1508,0.1288,-0.0191,1.2305,0.2413,0.0088,1.1042,0.2876,0.1661,1.1335,0.1796,0.0406,1.2238,0.1726,-0.0418,1.0991,0.0579,-0.0375,1.0273,0.2477,0.2145,daily,155898825241.0000,USD,Health technology,Biotechnology,NASDAQ,Buy,2025-10-29,2025-08-05,"S&P 500, NASDAQ 100, Dow Jones Industrial Average, NASDAQ Composite, S&P 500 Health Care, S&P 100, Russell 3000, Dow Jones Composite Average, Russell 1000, NASDAQ Biotechnology, S&P 500 ESG",True,True,False,True,True,False,False,False,False,False,False,True,True,True,False,False,False,True,False,False,True,True,True,False,False,False,False,False,False,False,False,False,False,False,False,False,False,False,False,False,False,False,False,False,False,False,False,False,False,False,False,True,False,False,False,True,False,False,False,all_tickers,ticker_universe_all,simple_universe_generator,2026-02-11T13:08:08.978285
AMZN,2025-11-19,0.9947,0.0006,0.0060,0.9631,-0.0511,-0.0148,0.9442,-0.0881,-0.0342,1.0487,0.0287,-0.0191,0.9547,-0.0369,0.0088,0.9035,0.0536,0.1661,0.9244,-0.0380,0.0406,1.0428,-0.0008,-0.0418,0.9314,-0.1035,-0.0375,0.9050,0.0991,0.2145,daily,2439172120138.0000,USD,Retail trade,Internet retail,NASDAQ,Strong buy,2025-10-23,2025-07-31,"S&P 500, NASDAQ 100, Dow Jones Industrial Average, NASDAQ Composite, S&P 500 Consumer Discretionary, S&P 100, ISE CTA Cloud Computing, Nasdaq US Large Cap Growth, Russell 3000, Russell 1000, NASDAQ Industrials, NASDAQ CB Insights Metaverse US Index",True,True,True,True,True,True,False,True,False,False,False,False,True,True,False,False,False,True,False,False,False,False,False,False,False,False,False,False,False,False,True,False,False,False,False,False,False,False,False,False,True,False,False,False,False,False,False,False,False,False,False,True,False,False,False,False,False,True,False,all_tickers,ticker_universe_all,simple_universe_generator,2026-02-11T13:08:08.978285
APP,2025-11-19,1.0017,0.0077,0.0060,0.9647,-0.0496,-0.0148,0.9383,-0.0937,-0.0342,0.9548,-0.0634,-0.0191,0.8454,-0.1472,0.0088,1.2282,0.4322,0.1661,1.1615,0.2087,0.0406,0.8913,-0.1459,-0.0418,0.8455,-0.1862,-0.0375,1.4993,0.8209,0.2145,daily,158750832316.0000,USD,Technology services,Packaged software,NASDAQ,Buy,2025-11-05,2025-08-06,"NASDAQ 100, NASDAQ Composite, ISE CTA Cloud Computing, Nasdaq US Large Cap Growth, Russell 3000, NASDAQ-100 Technology Sector, Russell 1000, NASDAQ Computer",True,False,False,True,True,False,False,True,False,False,False,False,True,False,False,False,True,False,False,False,False,False,False,False,False,False,False,False,False,True,False,False,False,False,False,False,False,False,False,False,True,False,False,False,False,False,False,False,False,False,False,True,False,False,False,True,False,False,False,all_tickers,ticker_universe_all,simple_universe_generator,2026-02-11T13:08:08.978285
ARM,2025-11-19,1.0010,0.0070,0.0060,0.9948,-0.0199,-0.0148,0.9535,-0.0791,-0.0342,0.8143,-0.2012,-0.0191,0.9267,-0.0652,0.0088,0.9273,0.0814,0.1661,0.9332,-0.0289,0.0406,0.8641,-0.1720,-0.0418,0.9192,-0.1153,-0.0375,0.8762,0.0642,0.2145,daily,148535334183.0000,USD,Electronic technology,Semiconductors,NASDAQ,Buy,2025-11-05,2025-07-30,"NASDAQ 100, NASDAQ Composite, PHLX Semiconductor Sector, NASDAQ-100 Technology Sector, NASDAQ Computer",True,False,False,False,False,False,False,False,False,False,False,False,True,False,False,False,True,False,False,False,False,False,False,False,True,False,False,False,False,True,False,False,False,False,False,False,False,False,False,False,False,False,False,False,False,False,False,False,False,False,False,True,False,False,False,True,False,False,False,all_tickers,ticker_universe_all,simple_universe_generator,2026-02-11T13:08:08.978285
ASML,2025-11-19,1.0290,0.0351,0.0060,1.0476,0.0321,-0.0148,1.0374,0.0019,-0.0342,1.0185,-0.0009,-0.0191,1.1124,0.1222,0.0088,1.1718,0.3664,0.1661,1.3384,0.3928,0.0406,1.0086,-0.0336,-0.0418,1.0395,0.0005,-0.0375,1.3117,0.5931,0.2145,daily,293673549180.8260,USD,Electronic technology,Semiconductors,NASDAQ,Buy,2025-10-15,2025-07-16,"NASDAQ 100, NASDAQ Composite, PHLX Semiconductor Sector, NASDAQ-100 Technology Sector, NASDAQ Computer, NASDAQ CB Insights Metaverse US Index",True,False,False,False,False,False,False,False,False,False,False,False,True,False,False,False,True,False,False,False,False,False,False,False,True,False,False,False,False,True,True,False,False,False,False,False,False,False,False,False,False,False,False,False,False,False,False,False,False,False,False,True,False,False,False,True,False,False,False,all_tickers,ticker_universe_all,simple_universe_generator,2026-02-11T13:08:08.978285
AVGO,2025-11-19,1.0347,0.0409,0.0060,1.0504,0.0349,-0.0148,1.0330,-0.0023,-0.0342,1.0346,0.0148,-0.0191,1.0190,0.0280,0.0088,1.3130,0.5311,0.1661,1.1158,0.1611,0.0406,0.9825,-0.0586,-0.0418,1.0274,-0.0111,-0.0375,1.7876,1.1712,0.2145,daily,1401681495683.0000,USD,Electronic technology,Semiconductors,NASDAQ,Strong buy,2025-09-04,2025-06-05,"S&P 500, NASDAQ 100, NASDAQ Composite, PHLX Semiconductor Sector, S&P 500 Information Technology, S&P 100, Nasdaq US Large Cap Growth, Russell 3000, NASDAQ-100 Technology Sector, Russell 1000, NASDAQ Computer, NASDAQ CB Insights Metaverse US Index",True,True,False,True,True,False,False,True,False,False,False,False,True,True,False,False,True,False,False,False,False,False,False,False,True,True,False,False,False,True,True,False,False,False,False,False,False,False,False,False,False,False,False,False,False,False,False,False,False,False,False,True,False,False,False,False,False,True,False,all_tickers,ticker_universe_all,simple_universe_generator,2026-02-11T13:08:08.978285
AXON,2025-11-19,0.9891,-0.0050,0.0060,0.9724,-0.0420,-0.0148,0.9655,-0.0675,-0.0342,0.7926,-0.2226,-0.0191,0.6869,-0.3071,0.0088,0.6284,-0.2672,0.1661,0.6447,-0.3291,0.0406,0.7501,-0.2812,-0.0418,0.9437,-0.0917,-0.0375,0.7296,-0.1139,0.2145,daily,60371486219.0000,USD,Electronic technology,Aerospace & defense,NASDAQ,Buy,2025-11-06,2025-08-04,"S&P 500, NASDAQ 100, NASDAQ Composite, S&P 500 Industrials, Nasdaq US Large Cap Growth, Russell 3000, Russell 1000, NASDAQ Industrials",True,True,False,True,True,True,False,True,False,False,False,False,True,False,False,False,False,False,False,False,False,False,False,True,False,False,False,False,False,False,False,False,False,False,False,False,False,False,False,False,False,False,False,False,False,False,False,False,False,False,False,True,False,False,False,True,False,False,False,all_tickers,ticker_universe_all,simple_universe_generator,2026-02-11T13:08:08.978285
AZN,2025-11-19,0.9878,-0.0063,0.0060,1.0137,-0.0012,-0.0148,1.0508,0.0149,-0.0342,1.0817,0.0610,-0.0191,1.1446,0.1547,0.0088,1.1347,0.3232,0.1661,1.0808,0.1247,0.0406,1.1279,0.0808,-0.0418,1.0569,0.0173,-0.0375,1.1835,0.4374,0.2145,daily,248036802996.1610,USD,Health technology,Pharmaceuticals: major,NASDAQ,Strong buy,2025-11-06,2025-07-29,"NASDAQ 100, NASDAQ Composite, NASDAQ Biotechnology",True,False,False,False,False,False,False,False,False,False,False,False,True,False,False,False,False,False,False,False,False,False,True,False,False,False,False,False,False,False,False,False,False,False,False,False,False,False,False,False,False,False,False,False,False,False,False,False,False,False,False,True,False,False,False,False,False,True,False,all_tickers,ticker_universe_all,simple_universe_generator,2026-02-11T13:08:08.978285
BIIB,2025-11-19,0.9888,-0.0053,0.0060,1.0173,0.0023,-0.0148,1.0767,0.0399,-0.0342,1.1675,0.1453,-0.0191,1.1575,0.1677,0.0088,1.1693,0.3635,0.1661,1.1873,0.2356,0.0406,1.1714,0.1225,-0.0418,1.1165,0.0747,-0.0375,0.8642,0.0496,0.2145,daily,20045147403.0000,USD,Health technology,Pharmaceuticals: major,NASDAQ,Buy,2025-10-22,2025-07-31,"S&P 500, NASDAQ 100, NASDAQ Composite, S&P 500 Health Care, Russell 3000, Russell 1000, NASDAQ Biotechnology, S&P 500 ESG",True,True,False,True,True,False,False,False,False,False,False,True,True,False,False,False,False,False,False,False,False,True,True,False,False,False,False,False,False,False,False,False,False,False,False,False,False,False,False,False,False,False,False,False,False,False,False,False,False,False,False,True,False,False,False,True,False,False,False,all_tickers,ticker_universe_all,simple_universe_generator,2026-02-11T13:08:08.978285
BKNG,2025-11-19,0.9749,-0.0193,0.0060,0.9432,-0.0708,-0.0148,0.9384,-0.0937,-0.0342,0.9300,-0.0877,-0.0191,0.8543,-0.1382,0.0088,0.7670,-0.1056,0.1661,0.8162,-0.1506,0.0406,0.9636,-0.0767,-0.0418,0.9829,-0.0540,-0.0375,0.7819,-0.0504,0.2145,daily,184920440663.0000,USD,Consumer services,Other consumer services,NASDAQ,Buy,2025-10-29,2025-07-29,"S&P 500, NASDAQ 100, NASDAQ Composite, S&P 500 Consumer Discretionary, S&P 100, Nasdaq US Large Cap Growth, Russell 3000, Russell 1000, NASDAQ Industrials, S&P 500 ESG",True,True,True,True,True,True,False,True,False,False,False,True,True,True,False,False,False,False,False,False,False,False,False,False,False,False,False,False,False,False,False,False,False,False,False,False,False,False,False,False,False,False,False,False,False,False,False,False,False,False,False,True,False,False,False,True,False,False,False,all_tickers,ticker_universe_all,simple_universe_generator,2026-02-11T13:08:08.978285
BKR,2025-11-19,1.0028,0.0087,0.0060,1.0098,-0.0051,-0.0148,1.0561,0.0200,-0.0342,1.0730,0.0525,-0.0191,1.0213,0.0303,0.0088,1.0998,0.2826,0.1661,1.0919,0.1362,0.0406,1.0464,0.0027,-0.0418,1.0321,-0.0066,-0.0375,0.9495,0.1532,0.2145,daily,43822328987.0000,USD,Industrial services,Contract drilling,NASDAQ,Buy,2025-10-15,2025-07-22,"S&P 500, NASDAQ 100, NASDAQ Composite, S&P 500 Energy, Nasdaq US Large Cap Growth, Russell 3000, Russell 1000, NASDAQ Industrials, S&P 500 ESG",True,True,False,True,True,True,False,True,False,False,False,True,True,False,False,False,False,False,False,False,False,False,False,False,False,False,False,False,False,False,False,False,False,True,False,False,False,False,False,False,False,False,False,False,False,False,False,False,False,False,False,True,False,False,False,True,False,False,False,all_tickers,ticker_universe_all,simple_universe_generator,2026-02-11T13:08:08.978285
CCEP,2025-11-19,0.9851,-0.0090,0.0060,1.0047,-0.0102,-0.0148,1.0083,-0.0262,-0.0342,1.0203,0.0009,-0.0191,1.0107,0.0196,0.0088,0.9008,0.0504,0.1661,0.9725,0.0120,0.0406,1.0660,0.0214,-0.0418,1.0345,-0.0043,-0.0375,0.9977,0.2117,0.2145,daily,41138524916.0000,USD,Consumer non-durables,Beverages: non-alcoholic,NASDAQ,Buy,2026-02-12,2025-08-06,"NASDAQ 100, NASDAQ Composite, NASDAQ Industrials",True,False,False,False,False,True,False,False,False,False,False,False,True,False,False,False,False,False,False,False,False,False,False,False,False,False,False,False,False,False,False,False,False,False,False,False,False,False,False,False,False,False,False,False,False,False,False,False,False,False,False,True,False,False,False,True,False,False,False,all_tickers,ticker_universe_all,simple_universe_generator,2026-02-11T13:08:08.978285
CDNS,2025-11-19,1.0057,0.0117,0.0060,0.9887,-0.0259,-0.0148,1.0065,-0.0278,-0.0342,0.9487,-0.0694,-0.0191,0.8334,-0.1593,0.0088,0.8255,-0.0373,0.1661,0.8275,-0.1389,0.0406,0.9526,-0.0873,-0.0418,0.9689,-0.0674,-0.0375,0.8718,0.0589,0.2145,daily,93744731008.0000,USD,Technology services,Packaged software,NASDAQ,Buy,2025-10-27,2025-07-28,"S&P 500, NASDAQ 100, NASDAQ Composite, S&P 500 Information Technology, Nasdaq US Large Cap Growth, Russell 3000, NASDAQ-100 Technology Sector, Russell 1000, NASDAQ Computer, S&P 500 ESG",True,True,False,True,True,False,False,True,False,False,False,True,True,False,False,False,True,False,False,False,False,False,False,False,False,True,False,False,False,True,False,False,False,False,False,False,False,False,False,False,False,False,False,False,False,False,False,False,False,False,False,True,False,False,False,True,False,False,False,all_tickers,ticker_universe_all,simple_universe_generator,2026-02-11T13:08:08.978285
CDW,2025-11-19,0.9934,-0.0007,0.0060,0.9774,-0.0370,-0.0148,0.9814,-0.0521,-0.0342,0.9166,-0.1008,-0.0191,0.8503,-0.1422,0.0088,0.6328,-0.2620,0.1661,0.8126,-0.1544,0.0406,0.9299,-0.1090,-0.0418,1.0128,-0.0251,-0.0375,0.6567,-0.2024,0.2145,daily,21450711933.0000,USD,Technology services,Information technology services,NASDAQ,Buy,2025-10-29,2025-08-06,"S&P 500, NASDAQ 100, NASDAQ Composite, S&P 500 Information Technology, Russell 3000, NASDAQ-100 Technology Sector, Russell 1000, NASDAQ Computer",True,True,False,True,True,False,False,False,False,False,False,False,True,False,False,False,True,False,False,False,False,False,False,False,False,True,False,False,False,True,False,False,False,False,False,False,False,False,False,False,False,False,False,False,False,False,False,False,False,False,False,True,False,False,False,True,False,False,False,all_tickers,ticker_universe_all,simple_universe_generator,2026-02-11T13:08:08.978285
CEG,2025-11-19,1.0472,0.0534,0.0060,1.0731,0.0572,-0.0148,1.0467,0.0109,-0.0342,0.9861,-0.0327,-0.0191,1.0993,0.1090,0.0088,1.0555,0.2308,0.1661,1.0655,0.1088,0.0406,0.9765,-0.0643,-0.0418,1.0302,-0.0084,-0.0375,1.3197,0.6028,0.2145,daily,98901353882.0000,USD,Utilities,Electric utilities,NASDAQ,Buy,2025-11-10,2025-08-07,"S&P 500, NASDAQ 100, NASDAQ Composite, S&P 500 Utilities, Nasdaq US Large Cap Growth, Russell 3000, Russell 1000, NASDAQ Industrials, PHLX Utilities Sector",True,True,False,True,True,True,False,True,False,False,False,False,True,False,False,False,False,False,False,False,False,False,False,False,False,False,False,False,False,False,False,False,False,False,False,False,False,False,False,False,False,False,False,False,False,True,True,False,False,False,False,True,False,False,False,True,False,False,False,all_tickers,ticker_universe_all,simple_universe_generator,2026-02-11T13:08:08.978285
CHTR,2025-11-19,0.9620,-0.0322,0.0060,0.9706,-0.0437,-0.0148,0.9438,-0.0885,-0.0342,0.7872,-0.2278,-0.0191,0.7343,-0.2592,0.0088,0.4051,-0.5276,0.1661,0.6995,-0.2721,0.0406,0.8778,-0.1589,-0.0418,0.9588,-0.0771,-0.0375,0.4105,-0.5015,0.2145,daily,40652422458.0000,USD,Consumer services,Cable/Satellite TV,NASDAQ,Neutral,2025-10-24,2025-07-25,"S&P 500, NASDAQ 100, NASDAQ Composite, S&P 500 Communication Services, S&P 100, Russell 3000, Russell 1000, NASDAQ Telecommunications",True,True,False,True,True,False,False,False,False,False,False,False,True,True,False,False,False,False,False,False,False,False,False,False,False,False,True,True,False,False,False,False,False,False,False,False,False,False,False,False,False,False,False,False,False,False,False,False,False,False,False,True,False,False,True,False,False,False,False,all_tickers,ticker_universe_all,simple_universe_generator,2026-02-11T13:08:08.978285
CMCSA,2025-11-19,0.9763,-0.0179,0.0060,0.9914,-0.0233,-0.0148,0.9975,-0.0366,-0.0342,0.9264,-0.0913,-0.0191,0.8508,-0.1417,0.0088,0.6755,-0.2123,0.1661,0.7806,-0.1877,0.0406,1.0265,-0.0165,-0.0418,1.0294,-0.0092,-0.0375,0.5354,-0.3497,0.2145,daily,124353518810.0000,USD,Consumer services,Cable/Satellite TV,NASDAQ,Buy,2025-10-23,2025-07-31,"S&P 500, NASDAQ 100, NASDAQ Composite, S&P 500 Communication Services, S&P 100, Russell 3000, Russell 1000, NASDAQ Telecommunications",True,True,False,True,True,False,False,False,False,False,False,False,True,True,False,False,False,False,False,False,False,False,False,False,False,False,True,True,False,False,False,False,False,False,False,False,False,False,False,False,False,False,False,False,False,False,False,False,False,False,False,True,False,False,False,True,False,False,False,all_tickers,ticker_universe_all,simple_universe_generator,2026-02-11T13:08:08.978285
COST,2025-11-19,0.9891,-0.0050,0.0060,0.9794,-0.0351,-0.0148,1.0089,-0.0256,-0.0342,0.9713,-0.0473,-0.0191,0.9283,-0.0635,0.0088,0.7666,-0.1060,0.1661,0.8751,-0.0893,0.0406,1.0115,-0.0308,-0.0418,1.0106,-0.0273,-0.0375,0.8126,-0.0130,0.2145,daily,417462727620.0000,USD,Retail trade,Specialty stores,NASDAQ,Buy,2025-09-25,2025-05-29,"S&P 500, NASDAQ 100, NASDAQ Composite, S&P 500 Consumer Staples, S&P 100, Nasdaq US Large Cap Growth, Russell 3000, Russell 1000, NASDAQ Industrials, S&P 500 ESG",True,True,False,True,True,True,False,True,False,False,False,True,True,True,False,False,False,False,False,False,False,False,False,False,False,False,False,False,False,False,False,False,False,False,False,False,True,False,False,False,False,False,False,False,False,False,False,False,False,False,False,True,False,False,False,True,False,False,False,all_tickers,ticker_universe_all,simple_universe_generator,2026-02-11T13:08:08.978285
CPRT,2025-11-19,0.9953,0.0012,0.0060,1.0222,0.0071,-0.0148,1.0376,0.0022,-0.0342,0.9422,-0.0757,-0.0191,0.9021,-0.0900,0.0088,0.5686,-0.3369,0.1661,0.8394,-0.1265,0.0406,1.0164,-0.0261,-0.0418,1.0379,-0.0010,-0.0375,0.6011,-0.2700,0.2145,daily,47036609811.0000,USD,Retail trade,Specialty stores,NASDAQ,Buy,2025-09-03,2025-05-22,"S&P 500, NASDAQ 100, NASDAQ Composite, S&P 500 Industrials, Nasdaq US Large Cap Growth, Russell 3000, Russell 1000, NASDAQ Industrials",True,True,False,True,True,True,False,True,False,False,False,False,True,False,False,False,False,False,False,False,False,False,False,True,False,False,False,False,False,False,False,False,False,False,False,False,False,False,False,False,False,False,False,False,False,False,False,False,False,False,False,True,False,False,False,True,False,False,False,all_tickers,ticker_universe_all,simple_universe_generator,2026-02-11T13:08:08.978285
CRWD,2025-11-19,1.0075,0.0135,0.0060,0.9830,-0.0316,-0.0148,0.9874,-0.0463,-0.0342,1.0538,0.0337,-0.0191,1.0267,0.0357,0.0088,1.0142,0.1826,0.1661,1.1734,0.2211,0.0406,1.0086,-0.0336,-0.0418,0.9701,-0.0663,-0.0375,1.2728,0.5459,0.2145,daily,104086036873.0000,USD,Technology services,Packaged software,NASDAQ,Buy,2025-08-27,2025-06-03,"S&P 500, NASDAQ 100, NASDAQ Composite, S&P 500 Information Technology, ISE CTA Cloud Computing, Nasdaq US Large Cap Growth, Russell 3000, NASDAQ-100 Technology Sector, Russell 1000, NASDAQ Computer",True,True,False,True,True,False,False,True,False,False,False,False,True,False,False,False,True,False,False,False,False,False,False,False,False,True,False,False,False,True,False,False,False,False,False,False,False,False,False,False,True,False,False,False,False,False,False,False,False,False,False,True,False,False,False,True,False,False,False,all_tickers,ticker_universe_all,simple_universe_generator,2026-02-11T13:08:08.978285
CSCO,2025-11-19,1.0072,0.0132,0.0060,1.0201,0.0050,-0.0148,1.0974,0.0599,-0.0342,1.1311,0.1096,-0.0191,1.1382,0.1483,0.0088,1.1013,0.2842,0.1661,1.1319,0.1779,0.0406,1.1221,0.0752,-0.0418,1.1297,0.0874,-0.0375,1.1522,0.3994,0.2145,daily,270824280706.0000,USD,Electronic technology,Telecommunications equipment,NASDAQ,Buy,2025-11-12,2025-08-13,"S&P 500, NASDAQ 100, Dow Jones Industrial Average, NASDAQ Composite, S&P 500 Information Technology, S&P 100, ISE CTA Cloud Computing, Russell 3000, Dow Jones Composite Average, Russell 1000, NASDAQ Telecommunications, S&P 500 ESG, NASDAQ CB Insights Metaverse US Index",True,True,False,True,True,False,False,False,False,False,False,True,True,True,False,False,False,True,False,False,True,False,False,False,False,True,False,True,False,False,True,False,False,False,False,False,False,False,False,False,True,False,False,False,False,False,False,False,False,False,False,True,False,False,False,True,False,False,False,all_tickers,ticker_universe_all,simple_universe_generator,2026-02-11T13:08:08.978285
CSGP,2025-11-19,0.9823,-0.0118,0.0060,0.9847,-0.0298,-0.0148,0.9904,-0.0435,-0.0342,0.8979,-0.1193,-0.0191,0.7332,-0.2604,0.0088,0.7531,-0.1218,0.1661,0.7196,-0.2511,0.0406,0.9894,-0.0520,-0.0418,1.0202,-0.0180,-0.0375,0.7629,-0.0734,0.2145,daily,37861633846.0000,USD,Technology services,Internet software/Services,NASDAQ,Buy,2025-10-28,2025-07-22,"S&P 500, NASDAQ 100, NASDAQ Composite, S&P 500 Real Estate, Russell 3000, Russell 1000, S&P 500 ESG, NASDAQ Real Estate and Other Financial Services, KBW NASDAQ Financial Technology Index",True,True,False,True,True,False,False,False,False,False,False,True,True,False,False,False,False,False,False,False,False,False,False,False,False,False,False,False,True,False,False,False,False,False,False,False,False,False,False,False,False,True,False,True,False,False,False,False,False,False,False,True,False,False,False,True,False,False,False,all_tickers,ticker_universe_all,simple_universe_generator,2026-02-11T13:08:08.978285
CSX,2025-11-19,0.9932,-0.0009,0.0060,0.9876,-0.0269,-0.0148,0.9935,-0.0404,-0.0342,0.9441,-0.0739,-0.0191,1.0070,0.0159,0.0088,0.9614,0.1211,0.1661,0.9104,-0.0526,0.0406,0.9944,-0.0471,-0.0418,1.0046,-0.0330,-0.0375,0.8084,-0.0182,0.2145,daily,60421216558.0000,USD,Transportation,Railroads,NASDAQ,Buy,2025-10-15,2025-07-23,"S&P 500, NASDAQ 100, NASDAQ Composite, Dow Jones Transportation Average, S&P 500 Industrials, Russell 3000, Dow Jones Composite Average, Russell 1000, NASDAQ Transportation, S&P 500 ESG",True,True,False,True,True,False,False,False,False,False,False,True,True,False,False,False,False,False,False,False,True,False,False,True,False,False,False,False,False,False,False,False,False,False,False,False,False,False,True,True,False,False,False,False,False,False,False,False,False,False,False,True,False,False,False,True,False,False,False,all_tickers,ticker_universe_all,simple_universe_generator,2026-02-11T13:08:08.978285
CTAS,2025-11-19,0.9917,-0.0024,0.0060,0.9973,-0.0174,-0.0148,1.0277,-0.0074,-0.0342,0.9748,-0.0438,-0.0191,0.9138,-0.0782,0.0088,0.7352,-0.1426,0.1661,0.8248,-0.1417,0.0406,1.0432,-0.0004,-0.0418,1.0314,-0.0072,-0.0375,0.7077,-0.1405,0.2145,daily,85830272758.0000,USD,Consumer services,Other consumer services,NASDAQ,Neutral,2025-09-24,2025-07-17,"S&P 500, NASDAQ 100, NASDAQ Composite, S&P 500 Industrials, Nasdaq US Large Cap Growth, Russell 3000, Russell 1000, NASDAQ Industrials",True,True,False,True,True,True,False,True,False,False,False,False,True,False,False,False,False,False,False,False,False,False,False,True,False,False,False,False,False,False,False,False,False,False,False,False,False,False,False,False,False,False,False,False,False,False,False,False,False,False,False,True,False,False,True,False,False,False,False,all_tickers,ticker_universe_all,simple_universe_generator,2026-02-11T13:08:08.978285
CTSH,2025-11-19,1.0015,0.0075,0.0060,1.0148,-0.0002,-0.0148,1.0131,-0.0215,-0.0342,1.1097,0.0885,-0.0191,1.0244,0.0334,0.0088,0.7725,-0.0992,0.1661,0.9953,0.0358,0.0406,1.0497,0.0058,-0.0418,1.0350,-0.0038,-0.0375,0.7874,-0.0436,0.2145,daily,35008220774.0000,USD,Technology services,Information technology services,NASDAQ,Buy,2025-10-29,2025-07-30,"S&P 500, NASDAQ 100, NASDAQ Composite, S&P 500 Information Technology, Russell 3000, NASDAQ-100 Technology Sector, Russell 1000, NASDAQ Computer",True,True,False,True,True,False,False,False,False,False,False,False,True,False,False,False,True,False,False,False,False,False,False,False,False,True,False,False,False,True,False,False,False,False,False,False,False,False,False,False,False,False,False,False,False,False,False,False,False,False,False,True,False,False,False,True,False,False,False,all_tickers,ticker_universe_all,simple_universe_generator,2026-02-11T13:08:08.978285
DASH,2025-11-19,0.9483,-0.0460,0.0060,0.9922,-0.0224,-0.0148,1.0659,0.0295,-0.0342,0.7772,-0.2376,-0.0191,0.7481,-0.2453,0.0088,0.8771,0.0228,0.1661,0.7674,-0.2014,0.0406,0.8310,-0.2037,-0.0418,1.0300,-0.0086,-0.0375,0.9832,0.1941,0.2145,daily,106281796791.0000,USD,Transportation,Air freight/Couriers,NASDAQ,Buy,2025-10-29,2025-08-06,"S&P 500, NASDAQ 100, NASDAQ Composite, S&P 500 Consumer Discretionary, Nasdaq US Large Cap Growth, Russell 3000, NASDAQ-100 Technology Sector, Russell 1000, NASDAQ Computer",True,True,True,True,True,False,False,True,False,False,False,False,True,False,False,False,True,False,False,False,False,False,False,False,False,False,False,False,False,True,False,False,False,False,False,False,False,False,False,False,False,False,False,False,False,False,False,False,False,False,False,True,False,False,False,True,False,False,False,all_tickers,ticker_universe_all,simple_universe_generator,2026-02-11T13:08:08.978285
DDOG,2025-11-19,0.9932,-0.0009,0.0060,0.9673,-0.0470,-0.0148,0.9563,-0.0764,-0.0342,1.1500,0.1281,-0.0191,1.2775,0.2887,0.0088,1.2888,0.5029,0.1661,1.3127,0.3660,0.0406,1.1715,0.1225,-0.0418,0.9172,-0.1172,-0.0375,1.1513,0.3983,0.2145,daily,44049998216.0000,USD,Technology services,Packaged software,NASDAQ,Buy,2025-10-30,2025-08-07,"S&P 500, NASDAQ 100, NASDAQ Composite, S&P 500 Information Technology, ISE CTA Cloud Computing, Nasdaq US Large Cap Growth, Russell 3000, NASDAQ-100 Technology Sector, Russell 1000, NASDAQ Computer",True,True,False,True,True,False,False,True,False,False,False,False,True,False,False,False,True,False,False,False,False,False,False,False,False,True,False,False,False,True,False,False,False,False,False,False,False,False,False,False,True,False,False,False,False,False,False,False,False,False,False,True,False,False,False,True,False,False,False,all_tickers,ticker_universe_all,simple_universe_generator,2026-02-11T13:08:08.978285
DXCM,2025-11-19,0.9868,-0.0073,0.0060,1.0442,0.0288,-0.0148,1.0374,0.0020,-0.0342,0.8898,-0.1271,-0.0191,0.7813,-0.2118,0.0088,0.6090,-0.2899,0.1661,0.7102,-0.2610,0.0406,0.9140,-0.1242,-0.0418,1.1316,0.0892,-0.0375,0.6481,-0.2128,0.2145,daily,29850858168.0000,USD,Health technology,Medical specialties,NASDAQ,Strong buy,2025-10-23,2025-07-30,"S&P 500, NASDAQ 100, NASDAQ Composite, S&P 500 Health Care, Nasdaq US Large Cap Growth, Russell 3000, Russell 1000",True,True,False,True,True,False,False,True,False,False,False,False,True,False,False,False,False,False,False,False,False,True,False,False,False,False,False,False,False,False,False,False,False,False,False,False,False,False,False,False,False,False,False,False,False,False,False,False,False,False,False,True,False,False,False,False,False,True,False,all_tickers,ticker_universe_all,simple_universe_generator,2026-02-11T13:08:08.978285
EA,2025-11-19,0.9929,-0.0011,0.0060,1.0176,0.0026,-0.0148,1.0332,-0.0021,-0.0342,1.0245,0.0049,-0.0191,1.1539,0.1641,0.0088,1.1625,0.3556,0.1661,1.1464,0.1930,0.0406,1.0523,0.0083,-0.0418,1.0399,0.0009,-0.0375,1.0337,0.2555,0.2145,daily,43093200600.0000,USD,Technology services,Packaged software,NASDAQ,Buy,2025-10-28,2025-07-29,"S&P 500, NASDAQ 100, NASDAQ Composite, S&P 500 Communication Services, Russell 3000, Russell 1000, NASDAQ Industrials, S&P 500 ESG, NASDAQ CB Insights Metaverse US Index",True,True,False,True,True,True,False,False,False,False,False,True,True,False,False,False,False,False,False,False,False,False,False,False,False,False,True,False,False,False,True,False,False,False,False,False,False,False,False,False,False,False,False,False,False,False,False,False,False,False,False,True,False,False,False,True,False,False,False,all_tickers,ticker_universe_all,simple_universe_generator,2026-02-11T13:08:08.978285
EXC,2025-11-19,0.9765,-0.0177,0.0060,1.0066,-0.0083,-0.0148,1.0270,-0.0081,-0.0342,0.9712,-0.0473,-0.0191,1.0567,0.0661,0.0088,0.9253,0.0791,0.1661,1.0037,0.0445,0.0406,1.0190,-0.0236,-0.0418,1.0412,0.0022,-0.0375,0.9940,0.2073,0.2145,daily,44863634225.0000,USD,Utilities,Electric utilities,NASDAQ,Neutral,2025-10-29,2025-07-31,"S&P 500, NASDAQ 100, NASDAQ Composite, S&P 500 Utilities, Russell 3000, Dow Jones Utility Average, Dow Jones Composite Average, Russell 1000, NASDAQ Industrials, S&P 500 ESG, PHLX Utilities Sector",True,True,False,True,True,True,False,False,False,False,False,True,True,False,False,False,False,False,False,False,True,False,False,False,False,False,False,False,False,False,False,False,False,False,False,False,False,False,False,False,False,False,False,False,False,True,True,True,False,False,False,True,False,False,True,False,False,False,False,all_tickers,ticker_universe_all,simple_universe_generator,2026-02-11T13:08:08.978285
FANG,2025-11-19,0.9882,-0.0059,0.0060,1.0115,-0.0034,-0.0148,1.0605,0.0242,-0.0342,1.0810,0.0604,-0.0191,1.0552,0.0645,0.0088,0.8908,0.0388,0.1661,1.0312,0.0731,0.0406,1.0992,0.0532,-0.0418,1.0747,0.0344,-0.0375,0.7129,-0.1341,0.2145,daily,41674422987.0000,USD,Energy minerals,Oil & gas production,NASDAQ,Strong buy,2025-11-10,2025-08-04,"S&P 500, NASDAQ 100, NASDAQ Composite, S&P 500 Energy, Russell 3000, Russell 1000, NASDAQ Industrials, S&P 500 ESG",True,True,False,True,True,True,False,False,False,False,False,True,True,False,False,False,False,False,False,False,False,False,False,False,False,False,False,False,False,False,False,False,False,True,False,False,False,False,False,False,False,False,False,False,False,False,False,False,False,False,False,True,False,False,False,False,False,True,False,all_tickers,ticker_universe_all,simple_universe_generator,2026-02-11T13:08:08.978285
FAST,2025-11-19,0.9839,-0.0103,0.0060,0.9924,-0.0222,-0.0148,0.9995,-0.0347,-0.0342,0.9428,-0.0752,-0.0191,0.8346,-0.1581,0.0088,0.8567,-0.0010,0.1661,0.7779,-0.1905,0.0406,0.9934,-0.0481,-0.0418,0.9937,-0.0435,-0.0375,0.8126,-0.0131,0.2145,daily,57335923319.0000,USD,Distribution services,Wholesale distributors,NASDAQ,Neutral,2025-10-13,2025-07-14,"S&P 500, NASDAQ 100, NASDAQ Composite, S&P 500 Industrials, Nasdaq US Large Cap Growth, Russell 3000, Russell 1000, NASDAQ Industrials, S&P 500 ESG",True,True,False,True,True,True,False,True,False,False,False,True,True,False,False,False,False,False,False,False,False,False,False,True,False,False,False,False,False,False,False,False,False,False,False,False,False,False,False,False,False,False,False,False,False,False,False,False,False,False,False,True,False,False,True,False,False,False,False,all_tickers,ticker_universe_all,simple_universe_generator,2026-02-11T13:08:08.978285
FTNT,2025-11-19,0.9889,-0.0052,0.0060,0.9832,-0.0313,-0.0148,1.0050,-0.0293,-0.0342,0.9578,-0.0605,-0.0191,0.9758,-0.0156,0.0088,0.6509,-0.2410,0.1661,0.9487,-0.0128,0.0406,0.9882,-0.0531,-0.0418,1.0067,-0.0310,-0.0375,0.6969,-0.1536,0.2145,daily,59500560126.0000,USD,Technology services,Information technology services,NASDAQ,Neutral,2025-10-30,2025-08-06,"S&P 500, NASDAQ 100, NASDAQ Composite, S&P 500 Information Technology, Nasdaq US Large Cap Growth, Russell 3000, NASDAQ-100 Technology Sector, Russell 1000, NASDAQ Computer, S&P 500 ESG",True,True,False,True,True,False,False,True,False,False,False,True,True,False,False,False,True,False,False,False,False,False,False,False,False,True,False,False,False,True,False,False,False,False,False,False,False,False,False,False,False,False,False,False,False,False,False,False,False,False,False,True,False,False,True,False,False,False,False,all_tickers,ticker_universe_all,simple_universe_generator,2026-02-11T13:08:08.978285
GEHC,2025-11-19,1.0121,0.0182,0.0060,1.0033,-0.0115,-0.0148,0.9985,-0.0356,-0.0342,0.9771,-0.0416,-0.0191,0.9691,-0.0224,0.0088,0.8407,-0.0197,0.1661,0.9501,-0.0113,0.0406,1.0062,-0.0359,-0.0418,1.0224,-0.0159,-0.0375,0.7295,-0.1140,0.2145,daily,33826680037.0000,USD,Health technology,Medical specialties,NASDAQ,Strong buy,2025-10-29,2025-07-30,"S&P 500, NASDAQ 100, NASDAQ Composite, S&P 500 Health Care, Russell 3000, Russell 1000, S&P 500 ESG",True,True,False,True,True,False,False,False,False,False,False,True,True,False,False,False,False,False,False,False,False,True,False,False,False,False,False,False,False,False,False,False,False,False,False,False,False,False,False,False,False,False,False,False,False,False,False,False,False,False,False,True,False,False,False,False,False,True,False,all_tickers,ticker_universe_all,simple_universe_generator,2026-02-11T13:08:08.978285
GFS,2025-11-19,0.9968,0.0027,0.0060,1.0116,-0.0033,-0.0148,0.9981,-0.0360,-0.0342,0.9441,-0.0739,-0.0191,0.9814,-0.0099,0.0088,0.7115,-0.1703,0.1661,0.9384,-0.0234,0.0406,0.9533,-0.0865,-0.0418,0.9885,-0.0485,-0.0375,0.6568,-0.2022,0.2145,daily,18693983940.0000,USD,Electronic technology,Semiconductors,NASDAQ,Buy,2025-11-11,2025-08-05,"NASDAQ 100, NASDAQ Composite, PHLX Semiconductor Sector, Russell 3000, NASDAQ-100 Technology Sector, Russell 1000, NASDAQ Computer",True,False,False,True,True,False,False,False,False,False,False,False,True,False,False,False,True,False,False,False,False,False,False,False,True,False,False,False,False,True,False,False,False,False,False,False,False,False,False,False,False,False,False,False,False,False,False,False,False,False,False,True,False,False,False,True,False,False,False,all_tickers,ticker_universe_all,simple_universe_generator,2026-02-11T13:08:08.978285
GILD,2025-11-19,1.0010,0.0070,0.0060,1.0397,0.0244,-0.0148,1.0745,0.0378,-0.0342,1.0605,0.0403,-0.0191,1.1173,0.1272,0.0088,1.0980,0.2804,0.1661,1.0503,0.0930,0.0406,1.1285,0.0813,-0.0418,1.1262,0.0840,-0.0375,1.2284,0.4919,0.2145,daily,142382590027.0000,USD,Health technology,Biotechnology,NASDAQ,Buy,2025-10-23,2025-08-07,"S&P 500, NASDAQ 100, NASDAQ Composite, S&P 500 Health Care, S&P 100, Russell 3000, Russell 1000, NASDAQ Biotechnology, S&P 500 ESG",True,True,False,True,True,False,False,False,False,False,False,True,True,True,False,False,False,False,False,False,False,True,True,False,False,False,False,False,False,False,False,False,False,False,False,False,False,False,False,False,False,False,False,False,False,False,False,False,False,False,False,True,False,False,False,True,False,False,False,all_tickers,ticker_universe_all,simple_universe_generator,2026-02-11T13:08:08.978285
GOOG,2025-11-19,1.0221,0.0282,0.0060,1.0737,0.0578,-0.0148,1.0554,0.0193,-0.0342,1.1621,0.1400,-0.0191,1.1510,0.1611,0.0088,1.5649,0.8249,0.1661,1.3794,0.4355,0.0406,1.0847,0.0393,-0.0418,1.0475,0.0083,-0.0375,1.3934,0.6923,0.2145,daily,2509549439362.0000,USD,Technology services,Internet software/Services,NASDAQ,Strong buy,2025-10-28,2025-07-23,"S&P 500, NASDAQ 100, NASDAQ Composite, S&P 500 Communication Services, S&P 100, Nasdaq US Large Cap Growth, Russell 3000, NASDAQ-100 Technology Sector, Russell 1000, NASDAQ Computer, S&P 500 ESG",True,True,False,True,True,False,False,True,False,False,False,True,True,True,False,False,True,False,False,False,False,False,False,False,False,False,True,False,False,True,False,False,False,False,False,False,False,False,False,False,False,False,False,False,False,False,False,False,False,False,False,True,False,False,False,False,False,True,False,all_tickers,ticker_universe_all,simple_universe_generator,2026-02-11T13:08:08.978285
GOOGL,2025-11-19,1.0239,0.0300,0.0060,1.0752,0.0593,-0.0148,1.0574,0.0213,-0.0342,1.1635,0.1413,-0.0191,1.1517,0.1618,0.0088,1.5773,0.8393,0.1661,1.3839,0.4402,0.0406,1.0857,0.0403,-0.0418,1.0486,0.0093,-0.0375,1.4038,0.7050,0.2145,daily,2509549439362.0000,USD,Technology services,Internet software/Services,NASDAQ,Strong buy,2025-10-28,2025-07-23,"S&P 500, NASDAQ 100, NASDAQ Composite, S&P 500 Communication Services, S&P 100, ISE CTA Cloud Computing, Nasdaq US Large Cap Growth, Russell 3000, NASDAQ-100 Technology Sector, Russell 1000, NASDAQ Computer, S&P 500 ESG, NASDAQ CB Insights Metaverse US Index",True,True,False,True,True,False,False,True,False,False,False,True,True,True,False,False,True,False,False,False,False,False,False,False,False,False,True,False,False,True,True,False,False,False,False,False,False,False,False,False,True,False,False,False,False,False,False,False,False,False,False,True,False,False,False,False,False,True,False,all_tickers,ticker_universe_all,simple_universe_generator,2026-02-11T13:08:08.978285
HON,2025-11-19,0.9895,-0.0046,0.0060,0.9718,-0.0426,-0.0148,0.9846,-0.0490,-0.0342,1.0065,-0.0127,-0.0191,0.9592,-0.0323,0.0088,0.8076,-0.0582,0.1661,0.9032,-0.0600,0.0406,0.9998,-0.0420,-0.0418,1.0158,-0.0222,-0.0375,0.7429,-0.0977,0.2145,daily,141302573596.0000,USD,Electronic technology,Aerospace & defense,NASDAQ,Buy,2025-10-23,2025-07-24,"S&P 500, NASDAQ 100, Dow Jones Industrial Average, NASDAQ Composite, S&P 500 Industrials, S&P 100, Russell 3000, Dow Jones Composite Average, Russell 1000, NASDAQ Industrials",True,True,False,True,True,True,False,False,False,False,False,False,True,True,False,False,False,True,False,False,True,False,False,True,False,False,False,False,False,False,False,False,False,False,False,False,False,False,False,False,False,False,False,False,False,False,False,False,False,False,False,True,False,False,False,True,False,False,False,all_tickers,ticker_universe_all,simple_universe_generator,2026-02-11T13:08:08.978285
IDXX,2025-11-19,1.0339,0.0401,0.0060,1.0255,0.0104,-0.0148,1.0115,-0.0231,-0.0342,1.1045,0.0834,-0.0191,1.0542,0.0634,0.0088,1.1741,0.3692,0.1661,1.0502,0.0929,0.0406,1.1575,0.1091,-0.0418,1.0207,-0.0176,-0.0375,1.3636,0.6562,0.2145,daily,51340608656.0000,USD,Health technology,Medical specialties,NASDAQ,Buy,2025-11-04,2025-08-04,"S&P 500, NASDAQ 100, NASDAQ Composite, S&P 500 Health Care, Nasdaq US Large Cap Growth, Russell 3000, Russell 1000",True,True,False,True,True,False,False,True,False,False,False,False,True,False,False,False,False,False,False,False,False,True,False,False,False,False,False,False,False,False,False,False,False,False,False,False,False,False,False,False,False,False,False,False,False,False,False,False,False,False,False,True,False,False,False,True,False,False,False,all_tickers,ticker_universe_all,simple_universe_generator,2026-02-11T13:08:08.978285
INTC,2025-11-19,1.0167,0.0227,0.0060,1.0033,-0.0115,-0.0148,0.9594,-0.0734,-0.0342,0.9394,-0.0785,-0.0191,1.1385,0.1485,0.0088,1.3346,0.5563,0.1661,1.4260,0.4839,0.0406,0.9124,-0.1257,-0.0418,0.9487,-0.0869,-0.0375,1.1872,0.4419,0.2145,daily,106579951670.0000,USD,Electronic technology,Semiconductors,NASDAQ,Neutral,2025-10-23,2025-07-24,"S&P 500, NASDAQ 100, NASDAQ Composite, PHLX Semiconductor Sector, S&P 500 Information Technology, S&P 100, Russell 3000, NASDAQ-100 Technology Sector, Russell 1000, NASDAQ Computer, S&P 500 ESG, NASDAQ CB Insights Metaverse US Index",True,True,False,True,True,False,False,False,False,False,False,True,True,True,False,False,True,False,False,False,False,False,False,False,True,True,False,False,False,True,True,False,False,False,False,False,False,False,False,False,False,False,False,False,False,False,False,False,False,False,False,True,False,False,True,False,False,False,False,all_tickers,ticker_universe_all,simple_universe_generator,2026-02-11T13:08:08.978285
INTU,2025-11-19,0.9954,0.0014,0.0060,0.9969,-0.0178,-0.0148,1.0217,-0.0132,-0.0342,0.9978,-0.0213,-0.0191,0.9573,-0.0343,0.0088,0.8522,-0.0063,0.1661,0.8733,-0.0912,0.0406,1.0348,-0.0085,-0.0418,1.0347,-0.0041,-0.0375,0.7839,-0.0479,0.2145,daily,183976692293.0000,USD,Technology services,Packaged software,NASDAQ,Buy,2025-11-20,2025-08-21,"S&P 500, NASDAQ 100, NASDAQ Composite, S&P 500 Information Technology, S&P 100, ISE CTA Cloud Computing, Nasdaq US Large Cap Growth, Russell 3000, NASDAQ-100 Technology Sector, Russell 1000, NASDAQ Computer",True,True,False,True,True,False,False,True,False,False,False,False,True,True,False,False,True,False,False,False,False,False,False,False,False,True,False,False,False,True,False,False,False,False,False,False,False,False,False,False,True,False,False,False,False,False,False,False,False,False,False,True,False,False,False,True,False,False,False,all_tickers,ticker_universe_all,simple_universe_generator,2026-02-11T13:08:08.978285
ISRG,2025-11-19,1.0266,0.0327,0.0060,1.0429,0.0275,-0.0148,1.0212,-0.0136,-0.0342,1.2555,0.2316,-0.0191,1.2842,0.2956,0.0088,0.8586,0.0012,0.1661,1.1274,0.1732,0.0406,1.1118,0.0653,-0.0418,1.0181,-0.0201,-0.0375,0.8811,0.0702,0.2145,daily,170011069085.0000,USD,Health technology,Medical specialties,NASDAQ,Buy,2025-10-16,2025-07-22,"S&P 500, NASDAQ 100, NASDAQ Composite, S&P 500 Health Care, S&P 100, Nasdaq US Large Cap Growth, Russell 3000, Russell 1000",True,True,False,True,True,False,False,True,False,False,False,False,True,True,False,False,False,False,False,False,False,True,False,False,False,False,False,False,False,False,False,False,False,False,False,False,False,False,False,False,False,False,False,False,False,False,False,False,False,False,False,True,False,False,False,True,False,False,False,all_tickers,ticker_universe_all,simple_universe_generator,2026-02-11T13:08:08.978285
KDP,2025-11-19,0.9749,-0.0193,0.0060,1.0060,-0.0088,-0.0148,1.0350,-0.0004,-0.0342,0.9879,-0.0310,-0.0191,0.9888,-0.0025,0.0088,0.7083,-0.1740,0.1661,0.7525,-0.2170,0.0406,1.0139,-0.0285,-0.0418,1.0696,0.0295,-0.0375,0.7206,-0.1248,0.2145,daily,39326703051.0000,USD,Consumer non-durables,Beverages: non-alcoholic,NASDAQ,Buy,2025-10-23,2025-07-24,"S&P 500, NASDAQ 100, NASDAQ Composite, S&P 500 Consumer Staples, Russell 3000, Russell 1000, NASDAQ Industrials, S&P 500 ESG",True,True,False,True,True,True,False,False,False,False,False,True,True,False,False,False,False,False,False,False,False,False,False,False,False,False,False,False,False,False,False,False,False,False,False,False,True,False,False,False,False,False,False,False,False,False,False,False,False,False,False,True,False,False,False,True,False,False,False,all_tickers,ticker_universe_all,simple_universe_generator,2026-02-11T13:08:08.978285
KHC,2025-11-19,0.9917,-0.0024,0.0060,1.0174,0.0024,-0.0148,1.0421,0.0065,-0.0342,0.9877,-0.0311,-0.0191,0.9468,-0.0449,0.0088,0.7974,-0.0701,0.1661,0.8907,-0.0731,0.0406,1.0577,0.0134,-0.0418,1.0615,0.0217,-0.0375,0.6958,-0.1549,0.2145,daily,32785699939.0000,USD,Consumer non-durables,Food: major diversified,NASDAQ,Neutral,2025-10-29,2025-07-30,"S&P 500, NASDAQ 100, NASDAQ Composite, S&P 500 Consumer Staples, Russell 3000, Russell 1000, NASDAQ Industrials, S&P 500 ESG, NASDAQ US Benchmark Food Producers",True,True,False,True,True,True,False,False,False,False,False,True,True,False,True,False,False,False,False,False,False,False,False,False,False,False,False,False,False,False,False,False,False,False,False,False,True,False,False,False,False,False,False,False,False,False,False,False,False,False,False,True,False,False,True,False,False,False,False,all_tickers,ticker_universe_all,simple_universe_generator,2026-02-11T13:08:08.978285
KLAC,2025-11-19,1.0333,0.0395,0.0060,1.0464,0.0309,-0.0148,1.0098,-0.0246,-0.0342,1.0341,0.0143,-0.0191,1.1075,0.1173,0.0088,1.2658,0.4760,0.1661,1.2721,0.3238,0.0406,1.0050,-0.0370,-0.0418,0.9975,-0.0398,-0.0375,1.5821,0.9215,0.2145,daily,117194898361.0000,USD,Electronic technology,Semiconductors,NASDAQ,Buy,2025-10-22,2025-07-31,"S&P 500, NASDAQ 100, NASDAQ Composite, PHLX Semiconductor Sector, S&P 500 Information Technology, Nasdaq US Large Cap Growth, Russell 3000, NASDAQ-100 Technology Sector, Russell 1000, NASDAQ Computer, S&P 500 ESG",True,True,False,True,True,False,False,True,False,False,False,True,True,False,False,False,True,False,False,False,False,False,False,False,True,True,False,False,False,True,False,False,False,False,False,False,False,False,False,False,False,False,False,False,False,False,False,False,False,False,False,True,False,False,False,True,False,False,False,all_tickers,ticker_universe_all,simple_universe_generator,2026-02-11T13:08:08.978285
LIN,2025-11-19,0.9904,-0.0037,0.0060,0.9906,-0.0241,-0.0148,0.9973,-0.0367,-0.0342,0.9329,-0.0849,-0.0191,0.8605,-0.1319,0.0088,0.7913,-0.0773,0.1661,0.8324,-0.1337,0.0406,1.0031,-0.0389,-0.0418,1.0205,-0.0178,-0.0375,0.7672,-0.0682,0.2145,daily,225976894656.0000,USD,Process industries,Chemicals: specialty,NASDAQ,Buy,2025-10-23,2025-08-01,"S&P 500, NASDAQ 100, NASDAQ Composite, S&P 500 Materials, S&P 100, Nasdaq US Large Cap Growth, Russell 3000, Russell 1000, NASDAQ Industrials, S&P 500 ESG",True,True,False,True,True,True,False,True,False,False,False,True,True,True,False,False,False,False,False,False,False,False,False,False,False,False,False,False,False,False,False,False,False,False,False,True,False,False,False,False,False,False,False,False,False,False,False,False,False,False,False,True,False,False,False,True,False,False,False,all_tickers,ticker_universe_all,simple_universe_generator,2026-02-11T13:08:08.978285
LRCX,2025-11-19,1.0327,0.0388,0.0060,1.0187,0.0036,-0.0148,0.9544,-0.0782,-0.0342,1.0531,0.0330,-0.0191,1.1700,0.1803,0.0088,1.5035,0.7533,0.1661,1.4489,0.5078,0.0406,0.9645,-0.0758,-0.0418,0.9292,-0.1056,-0.0375,1.7675,1.1467,0.2145,daily,131156297819.0000,USD,Producer manufacturing,Industrial machinery,NASDAQ,Buy,2025-10-15,2025-07-30,"S&P 500, NASDAQ 100, NASDAQ Composite, PHLX Semiconductor Sector, S&P 500 Information Technology, Russell 3000, NASDAQ-100 Technology Sector, Russell 1000, NASDAQ Computer, S&P 500 ESG",True,True,False,True,True,False,False,False,False,False,False,True,True,False,False,False,True,False,False,False,False,False,False,False,True,True,False,False,False,True,False,False,False,False,False,False,False,False,False,False,False,False,False,False,False,False,False,False,False,False,False,True,False,False,False,True,False,False,False,all_tickers,ticker_universe_all,simple_universe_generator,2026-02-11T13:08:08.978285
LULU,2025-11-19,1.0067,0.0127,0.0060,0.9875,-0.0271,-0.0148,1.0060,-0.0283,-0.0342,0.9818,-0.0369,-0.0191,0.9697,-0.0218,0.0088,0.4585,-0.4654,0.1661,0.7837,-0.1845,0.0406,1.0315,-0.0117,-0.0418,1.0128,-0.0252,-0.0375,0.4273,-0.4811,0.2145,daily,25308438499.0000,USD,Consumer non-durables,Apparel/Footwear,NASDAQ,Buy,2025-09-04,2025-06-05,"S&P 500, NASDAQ 100, NASDAQ Composite, S&P 500 Consumer Discretionary, Russell 3000, Russell 1000, NASDAQ Industrials",True,True,True,True,True,True,False,False,False,False,False,False,True,False,False,False,False,False,False,False,False,False,False,False,False,False,False,False,False,False,False,False,False,False,False,False,False,False,False,False,False,False,False,False,False,False,False,False,False,False,False,True,False,False,False,True,False,False,False,all_tickers,ticker_universe_all,simple_universe_generator,2026-02-11T13:08:08.978285
MAR,2025-11-19,0.9986,0.0046,0.0060,1.0096,-0.0053,-0.0148,1.0088,-0.0256,-0.0342,1.1143,0.0931,-0.0191,1.0673,0.0767,0.0088,0.8936,0.0420,0.1661,1.0283,0.0701,0.0406,1.1309,0.0836,-0.0418,1.0165,-0.0216,-0.0375,0.8475,0.0293,0.2145,daily,72709988179.0000,USD,Consumer services,Hotels/Resorts/Cruise lines,NASDAQ,Buy,2025-10-30,2025-08-05,"S&P 500, NASDAQ 100, NASDAQ Composite, S&P 500 Consumer Discretionary, Nasdaq US Large Cap Growth, Russell 3000, Russell 1000, NASDAQ Industrials, S&P 500 ESG",True,True,True,True,True,True,False,True,False,False,False,True,True,False,False,False,False,False,False,False,False,False,False,False,False,False,False,False,False,False,False,False,False,False,False,False,False,False,False,False,False,False,False,False,False,False,False,False,False,False,False,True,False,False,False,True,False,False,False,all_tickers,ticker_universe_all,simple_universe_generator,2026-02-11T13:08:08.978285
MCHP,2025-11-19,0.9927,-0.0014,0.0060,0.9641,-0.0501,-0.0148,0.9455,-0.0868,-0.0342,0.7722,-0.2426,-0.0191,0.7600,-0.2333,0.0088,0.7095,-0.1726,0.1661,0.7498,-0.2198,0.0406,0.8541,-0.1816,-0.0418,0.9525,-0.0832,-0.0375,0.6849,-0.1681,0.2145,daily,36493141951.0000,USD,Electronic technology,Semiconductors,NASDAQ,Buy,2025-10-30,2025-08-07,"S&P 500, NASDAQ 100, NASDAQ Composite, PHLX Semiconductor Sector, S&P 500 Information Technology, Russell 3000, NASDAQ-100 Technology Sector, Russell 1000, NASDAQ Computer",True,True,False,True,True,False,False,False,False,False,False,False,True,False,False,False,True,False,False,False,False,False,False,False,True,True,False,False,False,True,False,False,False,False,False,False,False,False,False,False,False,False,False,False,False,False,False,False,False,False,False,True,False,False,False,True,False,False,False,all_tickers,ticker_universe_all,simple_universe_generator,2026-02-11T13:08:08.978285
MDLZ,2025-11-19,0.9994,0.0054,0.0060,1.0011,-0.0137,-0.0148,1.0185,-0.0163,-0.0342,0.9102,-0.1071,-0.0191,0.8860,-0.1062,0.0088,0.7611,-0.1125,0.1661,0.8785,-0.0858,0.0406,1.0129,-0.0294,-0.0418,1.0358,-0.0030,-0.0375,0.7377,-0.1040,0.2145,daily,80289313228.0000,USD,Consumer non-durables,Food: specialty/candy,NASDAQ,Buy,2025-11-04,2025-07-29,"S&P 500, NASDAQ 100, NASDAQ Composite, S&P 500 Consumer Staples, S&P 100, Russell 3000, Russell 1000, NASDAQ Industrials, S&P 500 ESG, NASDAQ US Benchmark Food Producers",True,True,False,True,True,True,False,False,False,False,False,True,True,True,True,False,False,False,False,False,False,False,False,False,False,False,False,False,False,False,False,False,False,False,False,False,True,False,False,False,False,False,False,False,False,False,False,False,False,False,False,True,False,False,False,True,False,False,False,all_tickers,ticker_universe_all,simple_universe_generator,2026-02-11T13:08:08.978285
MELI,2025-11-19,1.0029,0.0089,0.0060,1.0290,0.0138,-0.0148,1.0222,-0.0127,-0.0342,1.0074,-0.0119,-0.0191,0.8315,-0.1612,0.0088,0.7082,-0.1741,0.1661,0.8444,-0.1213,0.0406,0.9183,-0.1201,-0.0418,1.0316,-0.0071,-0.0375,0.9097,0.1049,0.2145,daily,121954060979.0000,USD,Retail trade,Internet retail,NASDAQ,Strong buy,2025-10-29,2025-08-04,"NASDAQ 100, NASDAQ Composite, NASDAQ Industrials",True,False,False,False,False,True,False,False,False,False,False,False,True,False,False,False,False,False,False,False,False,False,False,False,False,False,False,False,False,False,False,False,False,False,False,False,False,False,False,False,False,False,False,False,False,False,False,False,False,False,False,True,False,False,False,False,False,True,False,all_tickers,ticker_universe_all,simple_universe_generator,2026-02-11T13:08:08.978285
META,2025-11-19,0.9818,-0.0123,0.0060,0.9831,-0.0314,-0.0148,1.0036,-0.0307,-0.0342,0.8219,-0.1937,-0.0191,0.7505,-0.2429,0.0088,0.7728,-0.0989,0.1661,0.7397,-0.2302,0.0406,0.9244,-0.1143,-0.0418,0.9708,-0.0656,-0.0375,0.8800,0.0688,0.2145,daily,1894270786280.0000,USD,Technology services,Internet software/Services,NASDAQ,Strong buy,2025-10-22,2025-07-30,"S&P 500, NASDAQ 100, NASDAQ Composite, S&P 500 Communication Services, S&P 100, Nasdaq US Large Cap Growth, Russell 3000, NASDAQ-100 Technology Sector, Russell 1000, NASDAQ Computer, S&P 500 ESG, NASDAQ CB Insights Metaverse US Index",True,True,False,True,True,False,False,True,False,False,False,True,True,True,False,False,True,False,False,False,False,False,False,False,False,False,True,False,False,True,True,False,False,False,False,False,False,False,False,False,False,False,False,False,False,False,False,False,False,False,False,True,False,False,False,False,False,True,False,all_tickers,ticker_universe_all,simple_universe_generator,2026-02-11T13:08:08.978285
MNST,2025-11-19,0.9859,-0.0082,0.0060,1.0291,0.0139,-0.0148,1.0621,0.0258,-0.0342,1.0566,0.0364,-0.0191,1.1087,0.1185,0.0088,1.0294,0.2004,0.1661,1.0835,0.1276,0.0406,1.1335,0.0861,-0.0418,1.0726,0.0324,-0.0375,1.1448,0.3904,0.2145,daily,60655716357.0000,USD,Consumer non-durables,Beverages: non-alcoholic,NASDAQ,Buy,2025-10-30,2025-08-07,"S&P 500, NASDAQ 100, NASDAQ Composite, S&P 500 Consumer Staples, Nasdaq US Large Cap Growth, Russell 3000, Russell 1000, NASDAQ Industrials",True,True,False,True,True,True,False,True,False,False,False,False,True,False,False,False,False,False,False,False,False,False,False,False,False,False,False,False,False,False,False,False,False,False,False,False,True,False,False,False,False,False,False,False,False,False,False,False,False,False,False,True,False,False,False,True,False,False,False,all_tickers,ticker_universe_all,simple_universe_generator,2026-02-11T13:08:08.978285
MRVL,2025-11-19,1.0274,0.0336,0.0060,0.9548,-0.0593,-0.0148,0.9425,-0.0897,-0.0342,0.9658,-0.0527,-0.0191,1.0867,0.0962,0.0088,1.0666,0.2437,0.1661,1.0190,0.0604,0.0406,0.9582,-0.0819,-0.0418,0.9062,-0.1277,-0.0375,0.7647,-0.0712,0.2145,daily,64026974748.0000,USD,Electronic technology,Semiconductors,NASDAQ,Strong buy,2025-08-28,2025-05-29,"NASDAQ 100, NASDAQ Composite, PHLX Semiconductor Sector, Nasdaq US Large Cap Growth, Russell 3000, NASDAQ-100 Technology Sector, Russell 1000, NASDAQ Computer",True,False,False,True,True,False,False,True,False,False,False,False,True,False,False,False,True,False,False,False,False,False,False,False,True,False,False,False,False,True,False,False,False,False,False,False,False,False,False,False,False,False,False,False,False,False,False,False,False,False,False,True,False,False,False,False,False,True,False,all_tickers,ticker_universe_all,simple_universe_generator,2026-02-11T13:08:08.978285
MSFT,2025-11-19,0.9806,-0.0135,0.0060,0.9691,-0.0452,-0.0148,0.9867,-0.0470,-0.0342,0.9609,-0.0574,-0.0191,0.9497,-0.0420,0.0088,0.9333,0.0883,0.1661,0.9067,-0.0564,0.0406,0.9669,-0.0735,-0.0418,1.0002,-0.0373,-0.0375,0.9737,0.1826,0.2145,daily,3731746975137.0000,USD,Technology services,Packaged software,NASDAQ,Strong buy,2025-10-28,2025-07-30,"S&P 500, NASDAQ 100, Dow Jones Industrial Average, NASDAQ Composite, S&P 500 Information Technology, S&P 100, ISE CTA Cloud Computing, Nasdaq US Large Cap Growth, Russell 3000, Dow Jones Composite Average, NASDAQ-100 Technology Sector, Russell 1000, NASDAQ Computer, S&P 500 ESG, NYSE Arca Major Market, NASDAQ CB Insights Metaverse US Index",True,True,False,True,True,False,False,True,False,False,False,True,True,True,False,False,True,True,False,False,True,False,False,False,False,True,False,False,False,True,True,False,False,False,True,False,False,False,False,False,True,False,False,False,False,False,False,False,False,False,False,True,False,False,False,False,False,True,False,all_tickers,ticker_universe_all,simple_universe_generator,2026-02-11T13:08:08.978285
MSTR,2025-11-19,0.8965,-0.0982,0.0060,0.9477,-0.0663,-0.0148,0.8597,-0.1697,-0.0342,0.6410,-0.3712,-0.0191,0.5295,-0.4658,0.0088,0.3793,-0.5576,0.1661,0.4929,-0.4871,0.0406,0.7646,-0.2674,-0.0418,0.8111,-0.2193,-0.0375,0.4508,-0.4525,0.2145,daily,99629068727.0000,USD,Technology services,Internet software/Services,NASDAQ,Buy,2025-11-04,2025-07-31,"NASDAQ 100, NASDAQ Composite, Nasdaq US Large Cap Growth, Russell 3000, NASDAQ-100 Technology Sector, Russell 1000, NASDAQ Computer",True,False,False,True,True,False,False,True,False,False,False,False,True,False,False,False,True,False,False,False,False,False,False,False,False,False,False,False,False,True,False,False,False,False,False,False,False,False,False,False,False,False,False,False,False,False,False,False,False,False,False,True,False,False,False,True,False,False,False,all_tickers,ticker_universe_all,simple_universe_generator,2026-02-11T13:08:08.978285
MU,2025-11-19,0.9828,-0.0113,0.0060,0.9290,-0.0847,-0.0148,0.9551,-0.0775,-0.0342,1.1139,0.0926,-0.0191,1.3268,0.3385,0.0088,2.0019,1.3344,0.1661,1.7583,0.8297,0.0406,1.0525,0.0085,-0.0418,0.9266,-0.1081,-0.0375,1.9388,1.3548,0.2145,daily,130378076721.0000,USD,Electronic technology,Semiconductors,NASDAQ,Buy,2025-09-25,2025-06-25,"S&P 500, NASDAQ 100, NASDAQ Composite, PHLX Semiconductor Sector, S&P 500 Information Technology, Russell 3000, NASDAQ-100 Technology Sector, Russell 1000, NASDAQ Computer, S&P 500 ESG",True,True,False,True,True,False,False,False,False,False,False,True,True,False,False,False,True,False,False,False,False,False,False,False,True,True,False,False,False,True,False,False,False,False,False,False,False,False,False,False,False,False,False,False,False,False,False,False,False,False,False,True,False,False,False,True,False,False,False,all_tickers,ticker_universe_all,simple_universe_generator,2026-02-11T13:08:08.978285
NFLX,2025-11-19,0.9584,-0.0358,0.0060,1.0039,-0.0109,-0.0148,0.9839,-0.0497,-0.0342,0.9054,-0.1119,-0.0191,0.9028,-0.0892,0.0088,0.8286,-0.0338,0.1661,0.8490,-0.1165,0.0406,1.0542,0.0101,-0.0418,1.0203,-0.0179,-0.0375,1.0992,0.3350,0.2145,daily,520997910120.0000,USD,Technology services,Internet software/Services,NASDAQ,Buy,2025-10-15,2025-07-17,"S&P 500, NASDAQ 100, NASDAQ Composite, S&P 500 Communication Services, S&P 100, Nasdaq US Large Cap Growth, Russell 3000, Russell 1000, NASDAQ Industrials, NASDAQ CB Insights Metaverse US Index",True,True,False,True,True,True,False,True,False,False,False,False,True,True,False,False,False,False,False,False,False,False,False,False,False,False,True,False,False,False,True,False,False,False,False,False,False,False,False,False,False,False,False,False,False,False,False,False,False,False,False,True,False,False,False,True,False,False,False,all_tickers,ticker_universe_all,simple_universe_generator,2026-02-11T13:08:08.978285
NVDA,2025-11-19,1.0223,0.0285,0.0060,0.9955,-0.0192,-0.0148,0.9965,-0.0376,-0.0342,1.0411,0.0212,-0.0191,1.0491,0.0583,0.0088,1.2312,0.4357,0.1661,0.9848,0.0248,0.0406,0.9594,-0.0807,-0.0418,0.9735,-0.0629,-0.0375,1.0820,0.3141,0.2145,daily,4435188104248.0000,USD,Electronic technology,Semiconductors,NASDAQ,Strong buy,2025-08-27,2025-05-28,"S&P 500, NASDAQ 100, Dow Jones Industrial Average, NASDAQ Composite, PHLX Semiconductor Sector, S&P 500 Information Technology, S&P 100, Nasdaq US Large Cap Growth, Russell 3000, Dow Jones Composite Average, NASDAQ-100 Technology Sector, Russell 1000, NASDAQ Computer, S&P 500 ESG, NASDAQ CB Insights Metaverse US Index",True,True,False,True,True,False,False,True,False,False,False,True,True,True,False,False,True,True,False,False,True,False,False,False,True,True,False,False,False,True,True,False,False,False,False,False,False,False,False,False,False,False,False,False,False,False,False,False,False,False,False,True,False,False,False,False,False,True,False,all_tickers,ticker_universe_all,simple_universe_generator,2026-02-11T13:08:08.978285
NXPI,2025-11-19,1.0018,0.0078,0.0060,0.9787,-0.0357,-0.0148,0.9642,-0.0687,-0.0342,0.8814,-0.1354,-0.0191,0.8318,-0.1609,0.0088,0.7745,-0.0969,0.1661,0.7908,-0.1770,0.0406,0.9611,-0.0791,-0.0418,0.9626,-0.0735,-0.0375,0.7346,-0.1078,0.2145,daily,59957894474.0000,USD,Electronic technology,Semiconductors,NASDAQ,Buy,2025-10-27,2025-07-21,"S&P 500, NASDAQ 100, NASDAQ Composite, PHLX Semiconductor Sector, S&P 500 Information Technology, NASDAQ-100 Technology Sector, NASDAQ Computer",True,True,False,False,False,False,False,False,False,False,False,False,True,False,False,False,True,False,False,False,False,False,False,False,True,True,False,False,False,True,False,False,False,False,False,False,False,False,False,False,False,False,False,False,False,False,False,False,False,False,False,True,False,False,False,True,False,False,False,all_tickers,ticker_universe_all,simple_universe_generator,2026-02-11T13:08:08.978285
ODFL,2025-11-19,0.9701,-0.0241,0.0060,0.9783,-0.0361,-0.0148,0.9508,-0.0817,-0.0342,0.9238,-0.0938,-0.0191,0.8877,-0.1045,0.0088,0.6405,-0.2531,0.1661,0.8159,-0.1509,0.0406,0.9696,-0.0710,-0.0418,0.9616,-0.0744,-0.0375,0.4901,-0.4047,0.2145,daily,32466772844.0000,USD,Transportation,Trucking,NASDAQ,Neutral,2025-10-22,2025-07-30,"S&P 500, NASDAQ 100, NASDAQ Composite, Dow Jones Transportation Average, S&P 500 Industrials, Russell 3000, Dow Jones Composite Average, Russell 1000, NASDAQ Transportation",True,True,False,True,True,False,False,False,False,False,False,False,True,False,False,False,False,False,False,False,True,False,False,True,False,False,False,False,False,False,False,False,False,False,False,False,False,False,True,True,False,False,False,False,False,False,False,False,False,False,False,True,False,False,True,False,False,False,False,all_tickers,ticker_universe_all,simple_universe_generator,2026-02-11T13:08:08.978285
ON,2025-11-19,1.0063,0.0123,0.0060,0.9977,-0.0171,-0.0148,0.9692,-0.0639,-0.0342,0.8566,-0.1598,-0.0191,0.8821,-0.1102,0.0088,0.8641,0.0076,0.1661,0.8771,-0.0873,0.0406,0.9466,-0.0930,-0.0418,0.9871,-0.0499,-0.0375,0.5864,-0.2878,0.2145,daily,20853584897.0000,USD,Electronic technology,Semiconductors,NASDAQ,Buy,2025-11-03,2025-08-04,"S&P 500, NASDAQ 100, NASDAQ Composite, PHLX Semiconductor Sector, S&P 500 Information Technology, Russell 3000, NASDAQ-100 Technology Sector, Russell 1000, NASDAQ Computer, S&P 500 ESG, NASDAQ Clean Edge Green Energy",True,True,False,True,True,False,False,False,False,False,False,True,True,False,False,False,True,False,False,False,False,False,False,False,True,True,False,False,False,True,False,False,False,False,False,False,False,False,False,False,False,False,True,False,False,False,False,False,False,False,False,True,False,False,False,True,False,False,False,all_tickers,ticker_universe_all,simple_universe_generator,2026-02-11T13:08:08.978285
ORLY,2025-11-19,0.9978,0.0038,0.0060,1.0140,-0.0010,-0.0148,1.0418,0.0062,-0.0342,0.9965,-0.0225,-0.0191,0.9436,-0.0481,0.0088,0.9612,0.1209,0.1661,0.9354,-0.0265,0.0406,1.0826,0.0373,-0.0418,1.0453,0.0061,-0.0375,1.0046,0.2202,0.2145,daily,87547890188.0000,USD,Retail trade,Specialty stores,NASDAQ,Buy,2025-10-22,2025-07-23,"S&P 500, NASDAQ 100, NASDAQ Composite, S&P 500 Consumer Discretionary, Nasdaq US Large Cap Growth, Russell 3000, Russell 1000, NASDAQ Industrials, S&P 500 ESG",True,True,True,True,True,True,False,True,False,False,False,True,True,False,False,False,False,False,False,False,False,False,False,False,False,False,False,False,False,False,False,False,False,False,False,False,False,False,False,False,False,False,False,False,False,False,False,False,False,False,False,True,False,False,False,True,False,False,False,all_tickers,ticker_universe_all,simple_universe_generator,2026-02-11T13:08:08.978285
PANW,2025-11-19,0.9886,-0.0055,0.0060,0.9885,-0.0261,-0.0148,0.9854,-0.0483,-0.0342,0.9621,-0.0563,-0.0191,0.9634,-0.0281,0.0088,0.8928,0.0411,0.1661,1.0904,0.1347,0.0406,0.9558,-0.0842,-0.0418,0.9591,-0.0768,-0.0375,0.8506,0.0331,0.2145,daily,122968552076.0000,USD,Technology services,Packaged software,NASDAQ,Buy,2025-11-13,2025-08-18,"S&P 500, NASDAQ 100, NASDAQ Composite, S&P 500 Information Technology, ISE CTA Cloud Computing, Nasdaq US Large Cap Growth, Russell 3000, NASDAQ-100 Technology Sector, Russell 1000, NASDAQ Computer, S&P 500 ESG",True,True,False,True,True,False,False,True,False,False,False,True,True,False,False,False,True,False,False,False,False,False,False,False,False,True,False,False,False,True,False,False,False,False,False,False,False,False,False,False,True,False,False,False,False,False,False,False,False,False,False,True,False,False,False,True,False,False,False,all_tickers,ticker_universe_all,simple_universe_generator,2026-02-11T13:08:08.978285
PAYX,2025-11-19,0.9904,-0.0037,0.0060,0.9919,-0.0227,-0.0148,1.0211,-0.0138,-0.0342,0.8908,-0.1262,-0.0191,0.8363,-0.1564,0.0088,0.6318,-0.2632,0.1661,0.7726,-0.1960,0.0406,0.9847,-0.0565,-0.0418,1.0210,-0.0173,-0.0375,0.6507,-0.2097,0.2145,daily,49728060839.0000,USD,Technology services,Data processing services,NASDAQ,Neutral,2025-09-24,2025-06-25,"S&P 500, NASDAQ 100, NASDAQ Composite, S&P 500 Industrials, Nasdaq US Large Cap Growth, Russell 3000, Russell 1000, NASDAQ Industrials",True,True,False,True,True,True,False,True,False,False,False,False,True,False,False,False,False,False,False,False,False,False,False,True,False,False,False,False,False,False,False,False,False,False,False,False,False,False,False,False,False,False,False,False,False,False,False,False,False,False,False,True,False,False,True,False,False,False,False,all_tickers,ticker_universe_all,simple_universe_generator,2026-02-11T13:08:08.978285
PCAR,2025-11-19,0.9888,-0.0053,0.0060,1.0245,0.0094,-0.0148,1.0145,-0.0201,-0.0342,1.0125,-0.0068,-0.0191,0.9463,-0.0454,0.0088,0.8683,0.0126,0.1661,0.9457,-0.0159,0.0406,1.0225,-0.0203,-0.0418,1.0162,-0.0219,-0.0375,0.7377,-0.1041,0.2145,daily,52641615204.0000,USD,Producer manufacturing,Trucks/Construction/Farm machinery,NASDAQ,Neutral,2025-10-28,2025-07-22,"S&P 500, NASDAQ 100, NASDAQ Composite, S&P 500 Industrials, Russell 3000, Russell 1000, NASDAQ Transportation, S&P 500 ESG",True,True,False,True,True,False,False,False,False,False,False,True,True,False,False,False,False,False,False,False,False,False,False,True,False,False,False,False,False,False,False,False,False,False,False,False,False,False,True,False,False,False,False,False,False,False,False,False,False,False,False,True,False,False,True,False,False,False,False,all_tickers,ticker_universe_all,simple_universe_generator,2026-02-11T13:08:08.978285
PDD,2025-11-19,0.9811,-0.0130,0.0060,0.9148,-0.0987,-0.0148,0.8982,-0.1325,-0.0342,0.9145,-0.1029,-0.0191,0.8799,-0.1124,0.0088,0.8473,-0.0120,0.1661,0.9583,-0.0027,0.0406,0.9056,-0.1323,-0.0418,0.8877,-0.1456,-0.0375,0.8524,0.0353,0.2145,daily,172082571990.0000,USD,Retail trade,Department stores,NASDAQ,Buy,2025-11-21,2025-08-25,"NASDAQ 100, NASDAQ Composite, NASDAQ-100 Technology Sector, NASDAQ Computer",True,False,False,False,False,False,False,False,False,False,False,False,True,False,False,False,True,False,False,False,False,False,False,False,False,False,False,False,False,True,False,False,False,False,False,False,False,False,False,False,False,False,False,False,False,False,False,False,False,False,False,True,False,False,False,True,False,False,False,all_tickers,ticker_universe_all,simple_universe_generator,2026-02-11T13:08:08.978285
PEP,2025-11-19,0.9830,-0.0112,0.0060,1.0238,0.0086,-0.0148,1.0549,0.0188,-0.0342,0.9761,-0.0425,-0.0191,1.0362,0.0453,0.0088,0.9883,0.1525,0.1661,0.9545,-0.0067,0.0406,1.0405,-0.0030,-0.0418,1.0717,0.0315,-0.0375,0.7931,-0.0367,0.2145,daily,201254358765.0000,USD,Consumer non-durables,Food: specialty/candy,NASDAQ,Neutral,2025-10-09,2025-07-17,"S&P 500, NASDAQ 100, NASDAQ Composite, S&P 500 Consumer Staples, S&P 100, Russell 3000, Russell 1000, NASDAQ Industrials, S&P 500 ESG",True,True,False,True,True,True,False,False,False,False,False,True,True,True,False,False,False,False,False,False,False,False,False,False,False,False,False,False,False,False,False,False,False,False,False,False,True,False,False,False,False,False,False,False,False,False,False,False,False,False,False,True,False,False,True,False,False,False,False,all_tickers,ticker_universe_all,simple_universe_generator,2026-02-11T13:08:08.978285
PLTR,2025-11-19,0.9827,-0.0114,0.0060,0.9649,-0.0494,-0.0148,0.9299,-0.1018,-0.0342,0.9287,-0.0890,-0.0191,0.9266,-0.0653,0.0088,1.1074,0.2913,0.1661,0.9134,-0.0495,0.0406,0.8874,-0.1497,-0.0418,0.8877,-0.1456,-0.0375,2.0708,1.5151,0.2145,daily,381639044047.0000,USD,Technology services,Packaged software,NASDAQ,Neutral,2025-11-10,2025-08-04,"S&P 500, NASDAQ 100, NASDAQ Composite, S&P 500 Information Technology, S&P 100, Nasdaq US Large Cap Growth, Russell 3000, NASDAQ-100 Technology Sector, Russell 1000, NASDAQ Computer",True,True,False,True,True,False,False,True,False,False,False,False,True,True,False,False,True,False,False,False,False,False,False,False,False,True,False,False,False,True,False,False,False,False,False,False,False,False,False,False,False,False,False,False,False,False,False,False,False,False,False,True,False,False,True,False,False,False,False,all_tickers,ticker_universe_all,simple_universe_generator,2026-02-11T13:08:08.978285
PYPL,2025-11-19,0.9867,-0.0074,0.0060,0.9736,-0.0408,-0.0148,0.9283,-0.1034,-0.0342,0.8876,-0.1294,-0.0191,0.8716,-0.1207,0.0088,0.7147,-0.1666,0.1661,0.8327,-0.1335,0.0406,0.9256,-0.1131,-0.0418,0.9448,-0.0906,-0.0375,0.5780,-0.2980,0.2145,daily,67048453381.0000,USD,Commercial services,Miscellaneous commercial services,NASDAQ,Buy,2025-10-28,2025-07-29,"S&P 500, NASDAQ 100, NASDAQ Composite, S&P 100, Russell 3000, S&P 500 Financials, Russell 1000, NASDAQ Industrials, S&P 500 ESG, KBW NASDAQ Financial Technology Index",True,True,False,True,True,True,False,False,False,False,False,True,True,True,False,False,False,False,False,True,False,False,False,False,False,False,False,False,False,False,False,False,False,False,False,False,False,False,False,False,False,True,False,False,False,False,False,False,False,False,False,True,False,False,False,True,False,False,False,all_tickers,ticker_universe_all,simple_universe_generator,2026-02-11T13:08:08.978285
QCOM,2025-11-19,1.0004,0.0064,0.0060,0.9691,-0.0452,-0.0148,0.9735,-0.0598,-0.0342,1.0138,-0.0056,-0.0191,0.9794,-0.0120,0.0088,0.9523,0.1105,0.1661,1.0103,0.0513,0.0406,0.9780,-0.0629,-0.0418,1.0059,-0.0318,-0.0375,0.8713,0.0582,0.2145,daily,171744428024.0000,USD,Electronic technology,Semiconductors,NASDAQ,Buy,2025-11-05,2025-07-30,"S&P 500, NASDAQ 100, NASDAQ Composite, PHLX Semiconductor Sector, S&P 500 Information Technology, S&P 100, Russell 3000, NASDAQ-100 Technology Sector, Russell 1000, NASDAQ Computer, S&P 500 ESG, NASDAQ CB Insights Metaverse US Index",True,True,False,True,True,False,False,False,False,False,False,True,True,True,False,False,True,False,False,False,False,False,False,False,True,True,False,False,False,True,True,False,False,False,False,False,False,False,False,False,False,False,False,False,False,False,False,False,False,False,False,True,False,False,False,True,False,False,False,all_tickers,ticker_universe_all,simple_universe_generator,2026-02-11T13:08:08.978285
REGN,2025-11-19,0.9631,-0.0311,0.0060,1.0285,0.0133,-0.0148,1.0673,0.0308,-0.0342,1.2421,0.2184,-0.0191,1.1635,0.1738,0.0088,1.0527,0.2276,0.1661,1.1767,0.2245,0.0406,1.1214,0.0745,-0.0418,1.1151,0.0733,-0.0375,0.7678,-0.0675,0.2145,daily,62283522712.0000,USD,Health technology,Pharmaceuticals: major,NASDAQ,Buy,2025-10-30,2025-08-01,"S&P 500, NASDAQ 100, NASDAQ Composite, S&P 500 Health Care, Russell 3000, Russell 1000, NASDAQ Biotechnology, S&P 500 ESG",True,True,False,True,True,False,False,False,False,False,False,True,True,False,False,False,False,False,False,False,False,True,True,False,False,False,False,False,False,False,False,False,False,False,False,False,False,False,False,False,False,False,False,False,False,False,False,False,False,False,False,True,False,False,False,True,False,False,False,all_tickers,ticker_universe_all,simple_universe_generator,2026-02-11T13:08:08.978285
ROP,2025-11-19,0.9949,0.0008,0.0060,1.0043,-0.0105,-0.0148,1.0117,-0.0229,-0.0342,0.8963,-0.1208,-0.0191,0.8676,-0.1247,0.0088,0.6630,-0.2268,0.1661,0.8043,-0.1630,0.0406,1.0469,0.0031,-0.0418,1.0273,-0.0112,-0.0375,0.6721,-0.1837,0.2145,daily,56438070753.0000,USD,Technology services,Packaged software,NASDAQ,Buy,2025-10-22,2025-07-21,"S&P 500, NASDAQ 100, NASDAQ Composite, S&P 500 Information Technology, Nasdaq US Large Cap Growth, Russell 3000, NASDAQ-100 Technology Sector, Russell 1000, NASDAQ Computer",True,True,False,True,True,False,False,True,False,False,False,False,True,False,False,False,True,False,False,False,False,False,False,False,False,True,False,False,False,True,False,False,False,False,False,False,False,False,False,False,False,False,False,False,False,False,False,False,False,False,False,True,False,False,False,True,False,False,False,all_tickers,ticker_universe_all,simple_universe_generator,2026-02-11T13:08:08.978285
ROST,2025-11-19,0.9975,0.0034,0.0060,1.0142,-0.0008,-0.0148,1.0201,-0.0147,-0.0342,1.0389,0.0191,-0.0191,1.0887,0.0983,0.0088,0.9265,0.0804,0.1661,1.0584,0.1015,0.0406,1.0594,0.0151,-0.0418,1.0295,-0.0091,-0.0375,0.9495,0.1532,0.2145,daily,48514371739.0000,USD,Retail trade,Apparel/Footwear retail,NASDAQ,Buy,2025-11-13,2025-08-21,"S&P 500, NASDAQ 100, NASDAQ Composite, S&P 500 Consumer Discretionary, Russell 3000, Russell 1000, NASDAQ Industrials",True,True,True,True,True,True,False,False,False,False,False,False,True,False,False,False,False,False,False,False,False,False,False,False,False,False,False,False,False,False,False,False,False,False,False,False,False,False,False,False,False,False,False,False,False,False,False,False,False,False,False,True,False,False,False,True,False,False,False,all_tickers,ticker_universe_all,simple_universe_generator,2026-02-11T13:08:08.978285
SBUX,2025-11-19,0.9982,0.0042,0.0060,1.0018,-0.0130,-0.0148,1.0001,-0.0341,-0.0342,1.0165,-0.0029,-0.0191,1.0015,0.0104,0.0088,0.8433,-0.0166,0.1661,0.8752,-0.0892,0.0406,1.0579,0.0136,-0.0418,1.0351,-0.0037,-0.0375,0.7186,-0.1272,0.2145,daily,98472313648.0000,USD,Consumer services,Restaurants,NASDAQ,Buy,2025-10-30,2025-07-29,"S&P 500, NASDAQ 100, NASDAQ Composite, S&P 500 Consumer Discretionary, S&P 100, Russell 3000, Russell 1000, NASDAQ Industrials, S&P 500 ESG",True,True,True,True,True,True,False,False,False,False,False,True,True,True,False,False,False,False,False,False,False,False,False,False,False,False,False,False,False,False,False,False,False,False,False,False,False,False,False,False,False,False,False,False,False,False,False,False,False,False,False,True,False,False,False,True,False,False,False,all_tickers,ticker_universe_all,simple_universe_generator,2026-02-11T13:08:08.978285
SHOP,2025-11-19,1.0333,0.0395,0.0060,1.0147,-0.0003,-0.0148,0.9653,-0.0676,-0.0342,0.9037,-0.1136,-0.0191,0.9514,-0.0402,0.0088,1.1627,0.3559,0.1661,0.9803,0.0202,0.0406,0.8777,-0.1590,-0.0418,0.9547,-0.0811,-0.0375,1.1080,0.3457,0.2145,daily,183057700914.0040,USD,Commercial services,Miscellaneous commercial services,NASDAQ,Buy,2025-10-30,2025-08-06,"NASDAQ 100, NASDAQ Composite, ISE CTA Cloud Computing, NASDAQ-100 Technology Sector, NASDAQ Computer",True,False,False,False,False,False,False,False,False,False,False,False,True,False,False,False,True,False,False,False,False,False,False,False,False,False,False,False,False,True,False,False,False,False,False,False,False,False,False,False,True,False,False,False,False,False,False,False,False,False,False,True,False,False,False,True,False,False,False,all_tickers,ticker_universe_all,simple_universe_generator,2026-02-11T13:08:08.978285
SNPS,2025-11-19,1.0005,0.0065,0.0060,1.0058,-0.0091,-0.0148,1.0029,-0.0314,-0.0342,0.8687,-0.1479,-0.0191,0.7976,-0.1954,0.0088,0.6424,-0.2509,0.1661,0.5936,-0.3822,0.0406,0.9102,-0.1279,-0.0418,1.0014,-0.0361,-0.0375,0.6108,-0.2582,0.2145,daily,110286009521.0000,USD,Technology services,Packaged software,NASDAQ,Strong buy,2025-09-09,2025-05-28,"S&P 500, NASDAQ 100, NASDAQ Composite, S&P 500 Information Technology, Nasdaq US Large Cap Growth, Russell 3000, NASDAQ-100 Technology Sector, Russell 1000, NASDAQ Computer",True,True,False,True,True,False,False,True,False,False,False,False,True,False,False,False,True,False,False,False,False,False,False,False,False,True,False,False,False,True,False,False,False,False,False,False,False,False,False,False,False,False,False,False,False,False,False,False,False,False,False,True,False,False,False,False,False,True,False,all_tickers,ticker_universe_all,simple_universe_generator,2026-02-11T13:08:08.978285
TEAM,2025-11-19,0.9791,-0.0151,0.0060,0.9797,-0.0348,-0.0148,0.9755,-0.0578,-0.0342,0.9406,-0.0773,-0.0191,0.8562,-0.1363,0.0088,0.5474,-0.3617,0.1661,0.8322,-0.1339,0.0406,0.9517,-0.0881,-0.0418,0.9565,-0.0793,-0.0375,0.5025,-0.3896,0.2145,daily,43249596329.0000,USD,Technology services,Packaged software,NASDAQ,Buy,2025-10-30,2025-08-07,"NASDAQ 100, NASDAQ Composite, ISE CTA Cloud Computing, Russell 3000, NASDAQ-100 Technology Sector, Russell 1000, NASDAQ Computer",True,False,False,True,True,False,False,False,False,False,False,False,True,False,False,False,True,False,False,False,False,False,False,False,False,False,False,False,False,True,False,False,False,False,False,False,False,False,False,False,True,False,False,False,False,False,False,False,False,False,False,True,False,False,False,True,False,False,False,all_tickers,ticker_universe_all,simple_universe_generator,2026-02-11T13:08:08.978285
TMUS,2025-11-19,0.9856,-0.0085,0.0060,0.9924,-0.0223,-0.0148,1.0285,-0.0066,-0.0342,0.9361,-0.0818,-0.0191,0.8769,-0.1154,0.0088,0.7689,-0.1034,0.1661,0.7984,-0.1692,0.0406,1.0467,0.0029,-0.0418,1.0662,0.0262,-0.0375,0.7488,-0.0905,0.2145,daily,282705235628.0000,USD,Communications,Wireless telecommunications,NASDAQ,Buy,2025-10-23,2025-07-23,"S&P 500, NASDAQ 100, NASDAQ Composite, S&P 500 Communication Services, S&P 100, Nasdaq US Large Cap Growth, Russell 3000, Russell 1000, NASDAQ Telecommunications, S&P 500 ESG",True,True,False,True,True,False,False,True,False,False,False,True,True,True,False,False,False,False,False,False,False,False,False,False,False,False,True,True,False,False,False,False,False,False,False,False,False,False,False,False,False,False,False,False,False,False,False,False,False,False,False,True,False,False,False,True,False,False,False,all_tickers,ticker_universe_all,simple_universe_generator,2026-02-11T13:08:08.978285
TRI,2025-11-19,0.9841,-0.0100,0.0060,0.9701,-0.0442,-0.0148,1.0100,-0.0245,-0.0342,0.8550,-0.1614,-0.0191,0.8326,-0.1601,0.0088,0.6320,-0.2630,0.1661,0.7521,-0.2173,0.0406,0.9113,-0.1268,-0.0418,1.0336,-0.0051,-0.0375,0.6961,-0.1545,0.2145,daily,78878773247.8828,USD,Technology services,Internet software/Services,NASDAQ,Neutral,2025-11-04,2025-08-06,"NASDAQ 100, NASDAQ Composite, NASDAQ-100 Technology Sector, NASDAQ Computer, KBW NASDAQ Financial Technology Index",True,False,False,False,False,False,False,False,False,False,False,False,True,False,False,False,True,False,False,False,False,False,False,False,False,False,False,False,False,True,False,False,False,False,False,False,False,False,False,False,False,True,False,False,False,False,False,False,False,False,False,True,False,False,True,False,False,False,False,all_tickers,ticker_universe_all,simple_universe_generator,2026-02-11T13:08:08.978285
TSLA,2025-11-19,1.0009,0.0068,0.0060,1.0141,-0.0009,-0.0148,0.9714,-0.0618,-0.0342,0.9205,-0.0971,-0.0191,0.9607,-0.0309,0.0088,1.0370,0.2093,0.1661,1.1583,0.2054,0.0406,0.9580,-0.0820,-0.0418,0.9427,-0.0926,-0.0375,1.0371,0.2596,0.2145,daily,1134293684211.0000,USD,Consumer durables,Motor vehicles,NASDAQ,Neutral,2025-10-15,2025-07-23,"S&P 500, NASDAQ 100, NASDAQ Composite, S&P 500 Consumer Discretionary, S&P 100, Nasdaq US Large Cap Growth, Russell 3000, Russell 1000, NASDAQ Industrials, NASDAQ Clean Edge Green Energy",True,True,True,True,True,True,False,True,False,False,False,False,True,True,False,False,False,False,False,False,False,False,False,False,False,False,False,False,False,False,False,False,False,False,False,False,False,False,False,False,False,False,True,False,False,False,False,False,False,False,False,True,False,False,True,False,False,False,False,all_tickers,ticker_universe_all,simple_universe_generator,2026-02-11T13:08:08.978285
TTD,2025-11-19,0.9872,-0.0069,0.0060,0.9729,-0.0415,-0.0148,0.9502,-0.0822,-0.0342,0.7805,-0.2344,-0.0191,0.9069,-0.0851,0.0088,0.4411,-0.4857,0.1661,0.7028,-0.2686,0.0406,0.8565,-0.1793,-0.0418,0.9652,-0.0710,-0.0375,0.2801,-0.6598,0.2145,daily,25532600462.0000,USD,Technology services,Packaged software,NASDAQ,Buy,2025-11-06,2025-08-07,"S&P 500, NASDAQ 100, NASDAQ Composite, S&P 500 Communication Services, ISE CTA Cloud Computing, Nasdaq US Large Cap Growth, Russell 3000, Russell 1000, NASDAQ Industrials",True,True,False,True,True,True,False,True,False,False,False,False,True,False,False,False,False,False,False,False,False,False,False,False,False,False,True,False,False,False,False,False,False,False,False,False,False,False,False,False,True,False,False,False,False,False,False,False,False,False,False,True,False,False,False,True,False,False,False,all_tickers,ticker_universe_all,simple_universe_generator,2026-02-11T13:08:08.978285
TTWO,2025-11-19,0.9998,0.0057,0.0060,1.0384,0.0231,-0.0148,1.0359,0.0005,-0.0342,0.9346,-0.0832,-0.0191,0.9544,-0.0372,0.0088,0.9118,0.0632,0.1661,0.9936,0.0340,0.0406,0.9928,-0.0487,-0.0418,1.0674,0.0273,-0.0375,1.1146,0.3538,0.2145,daily,42579416341.0000,USD,Technology services,Packaged software,NASDAQ,Strong buy,2025-11-06,2025-08-07,"S&P 500, NASDAQ 100, NASDAQ Composite, S&P 500 Communication Services, Nasdaq US Large Cap Growth, Russell 3000, Russell 1000, NASDAQ Industrials, S&P 500 ESG, NASDAQ CB Insights Metaverse US Index",True,True,False,True,True,True,False,True,False,False,False,True,True,False,False,False,False,False,False,False,False,False,False,False,False,False,True,False,False,False,True,False,False,False,False,False,False,False,False,False,False,False,False,False,False,False,False,False,False,False,False,True,False,False,False,False,False,True,False,all_tickers,ticker_universe_all,simple_universe_generator,2026-02-11T13:08:08.978285
TXN,2025-11-19,0.9926,-0.0015,0.0060,1.0007,-0.0141,-0.0148,0.9973,-0.0368,-0.0342,0.8997,-0.1175,-0.0191,0.8650,-0.1273,0.0088,0.7274,-0.1518,0.1661,0.7837,-0.1844,0.0406,1.0305,-0.0126,-0.0418,1.0164,-0.0217,-0.0375,0.6640,-0.1936,0.2145,daily,187264078020.0000,USD,Electronic technology,Semiconductors,NASDAQ,Buy,2025-10-28,2025-07-22,"S&P 500, NASDAQ 100, NASDAQ Composite, PHLX Semiconductor Sector, S&P 500 Information Technology, S&P 100, Russell 3000, NASDAQ-100 Technology Sector, Russell 1000, NASDAQ Computer",True,True,False,True,True,False,False,False,False,False,False,False,True,True,False,False,True,False,False,False,False,False,False,False,True,True,False,False,False,True,False,False,False,False,False,False,False,False,False,False,False,False,False,False,False,False,False,False,False,False,False,True,False,False,False,True,False,False,False,all_tickers,ticker_universe_all,simple_universe_generator,2026-02-11T13:08:08.978285
VRSK,2025-11-19,1.0026,0.0086,0.0060,1.0575,0.0418,-0.0148,1.0935,0.0562,-0.0342,0.9743,-0.0443,-0.0191,0.9086,-0.0834,0.0088,0.6415,-0.2520,0.1661,0.8147,-0.1522,0.0406,1.0785,0.0334,-0.0418,1.0971,0.0560,-0.0375,0.6634,-0.1943,0.2145,daily,37486922138.0000,USD,Technology services,Data processing services,NASDAQ,Buy,2025-11-04,2025-07-30,"S&P 500, NASDAQ 100, NASDAQ Composite, S&P 500 Industrials, Nasdaq US Large Cap Growth, Russell 3000, Russell 1000, NASDAQ Industrials, S&P 500 ESG, KBW NASDAQ Financial Technology Index",True,True,False,True,True,True,False,True,False,False,False,True,True,False,False,False,False,False,False,False,False,False,False,True,False,False,False,False,False,False,False,False,False,False,False,False,False,False,False,False,False,True,False,False,False,False,False,False,False,False,False,True,False,False,False,True,False,False,False,all_tickers,ticker_universe_all,simple_universe_generator,2026-02-11T13:08:08.978285
VRTX,2025-11-19,0.9610,-0.0333,0.0060,0.9776,-0.0369,-0.0148,1.0040,-0.0303,-0.0342,1.0241,0.0046,-0.0191,1.0781,0.0876,0.0088,0.8358,-0.0254,0.1661,1.0377,0.0799,0.0406,1.0465,0.0027,-0.0418,1.0385,-0.0004,-0.0375,0.7444,-0.0959,0.2145,daily,99269332125.0000,USD,Health technology,Pharmaceuticals: major,NASDAQ,Buy,2025-10-29,2025-08-04,"S&P 500, NASDAQ 100, NASDAQ Composite, S&P 500 Health Care, Nasdaq US Large Cap Growth, Russell 3000, Russell 1000, NASDAQ Biotechnology",True,True,False,True,True,False,False,True,False,False,False,False,True,False,False,False,False,False,False,False,False,True,True,False,False,False,False,False,False,False,False,False,False,False,False,False,False,False,False,False,False,False,False,False,False,False,False,False,False,False,False,True,False,False,False,True,False,False,False,all_tickers,ticker_universe_all,simple_universe_generator,2026-02-11T13:08:08.978285
WBD,2025-11-19,0.9689,-0.0253,0.0060,1.0176,0.0026,-0.0148,1.0774,0.0406,-0.0342,1.2849,0.2604,-0.0191,1.2240,0.2348,0.0088,2.1569,1.5153,0.1661,1.8772,0.9535,0.0406,1.1146,0.0680,-0.0418,1.0439,0.0048,-0.0375,2.0620,1.5043,0.2145,daily,29214112630.0000,USD,Consumer services,Cable/Satellite TV,NASDAQ,Buy,2025-11-06,2025-08-07,"S&P 500, NASDAQ 100, NASDAQ Composite, S&P 500 Communication Services, Russell 3000, Russell 1000, NASDAQ Industrials, S&P 500 ESG",True,True,False,True,True,True,False,False,False,False,False,True,True,False,False,False,False,False,False,False,False,False,False,False,False,False,True,False,False,False,False,False,False,False,False,False,False,False,False,False,False,False,False,False,False,False,False,False,False,False,False,True,False,False,False,True,False,False,False,all_tickers,ticker_universe_all,simple_universe_generator,2026-02-11T13:08:08.978285
WDAY,2025-11-19,0.9862,-0.0079,0.0060,0.9844,-0.0302,-0.0148,1.0259,-0.0092,-0.0342,0.9462,-0.0719,-0.0191,0.9503,-0.0413,0.0088,0.7109,-0.1710,0.1661,0.9278,-0.0345,0.0406,1.0033,-0.0387,-0.0418,1.0202,-0.0180,-0.0375,0.7105,-0.1370,0.2145,daily,59508961304.0000,USD,Technology services,Information technology services,NASDAQ,Buy,2025-12-02,2025-08-21,"S&P 500, NASDAQ 100, NASDAQ Composite, S&P 500 Information Technology, ISE CTA Cloud Computing, Nasdaq US Large Cap Growth, Russell 3000, NASDAQ-100 Technology Sector, Russell 1000, NASDAQ Computer",True,True,False,True,True,False,False,True,False,False,False,False,True,False,False,False,True,False,False,False,False,False,False,False,False,True,False,False,False,True,False,False,False,False,False,False,False,False,False,False,True,False,False,False,False,False,False,False,False,False,False,True,False,False,False,True,False,False,False,all_tickers,ticker_universe_all,simple_universe_generator,2026-02-11T13:08:08.978285
XEL,2025-11-19,0.9777,-0.0164,0.0060,1.0035,-0.0113,-0.0148,1.0219,-0.0130,-0.0342,0.9993,-0.0198,-0.0191,1.0943,0.1039,0.0088,1.0164,0.1852,0.1661,1.0685,0.1120,0.0406,1.0191,-0.0235,-0.0418,1.0295,-0.0091,-0.0375,0.9757,0.1851,0.2145,daily,42902057706.0000,USD,Utilities,Electric utilities,NASDAQ,Buy,2025-10-23,2025-07-31,"S&P 500, NASDAQ 100, NASDAQ Composite, S&P 500 Utilities, Russell 3000, Dow Jones Utility Average, Dow Jones Composite Average, Russell 1000, NASDAQ Industrials, PHLX Utilities Sector",True,True,False,True,True,True,False,False,False,False,False,False,True,False,False,False,False,False,False,False,True,False,False,False,False,False,False,False,False,False,False,False,False,False,False,False,False,False,False,False,False,False,False,False,False,True,True,True,False,False,False,True,False,False,False,True,False,False,False,all_tickers,ticker_universe_all,simple_universe_generator,2026-02-11T13:08:08.978285
ZS,2025-11-19,0.9897,-0.0044,0.0060,0.9891,-0.0255,-0.0148,0.9528,-0.0797,-0.0342,0.9725,-0.0461,-0.0191,0.9936,0.0024,0.0088,1.0214,0.1911,0.1661,1.0122,0.0534,0.0406,0.9457,-0.0939,-0.0418,0.9218,-0.1128,-0.0375,1.1925,0.4484,0.2145,daily,41676618137.0000,USD,Technology services,Packaged software,NASDAQ,Buy,2025-09-02,2025-05-29,"NASDAQ 100, NASDAQ Composite, ISE CTA Cloud Computing, Nasdaq US Large Cap Growth, Russell 3000, NASDAQ-100 Technology Sector, Russell 1000, NASDAQ Computer",True,False,False,True,True,False,False,True,False,False,False,False,True,False,False,False,True,False,False,False,False,False,False,False,False,False,False,False,False,True,False,False,False,False,False,False,False,False,False,False,True,False,False,False,False,False,False,False,False,False,False,True,False,False,False,True,False,False,False,all_tickers,ticker_universe_all,simple_universe_generator,2026-02-11T13:08:08.978285
